distance|label|p_value|source|source_id|source_type|source_url|target_id|target_type
7007|upstream_of|4e-08|GWAS|rs9308788|snp|https://ftp.ebi.ac.uk/pub/databases/gwas/releases/2024/07/29/gwas-catalog-associations_ontology-annotated.tsv|ensg00000231532|gene
22922|upstream_of|3e-08|GWAS|rs113809930|snp|https://ftp.ebi.ac.uk/pub/databases/gwas/releases/2024/07/29/gwas-catalog-associations_ontology-annotated.tsv|ensg00000223750|gene
5880|upstream_of|5e-08|GWAS|rs8099516|snp|https://ftp.ebi.ac.uk/pub/databases/gwas/releases/2024/07/29/gwas-catalog-associations_ontology-annotated.tsv|ensg00000266181|gene
150088|upstream_of|5e-09|GWAS|rs74458816|snp|https://ftp.ebi.ac.uk/pub/databases/gwas/releases/2024/07/29/gwas-catalog-associations_ontology-annotated.tsv|ensg00000251182|gene
41785|upstream_of|7e-09|GWAS|rs2141284|snp|https://ftp.ebi.ac.uk/pub/databases/gwas/releases/2024/07/29/gwas-catalog-associations_ontology-annotated.tsv|ensg00000227118|gene
41785|upstream_of|2e-07|GWAS|rs2141284|snp|https://ftp.ebi.ac.uk/pub/databases/gwas/releases/2024/07/29/gwas-catalog-associations_ontology-annotated.tsv|ensg00000227118|gene
76372|upstream_of|2e-08|GWAS|rs114175587|snp|https://ftp.ebi.ac.uk/pub/databases/gwas/releases/2024/07/29/gwas-catalog-associations_ontology-annotated.tsv|ensg00000277506|gene
76372|upstream_of|1e-07|GWAS|rs114175587|snp|https://ftp.ebi.ac.uk/pub/databases/gwas/releases/2024/07/29/gwas-catalog-associations_ontology-annotated.tsv|ensg00000277506|gene
250566|upstream_of|4e-07|GWAS|rs59222824|snp|https://ftp.ebi.ac.uk/pub/databases/gwas/releases/2024/07/29/gwas-catalog-associations_ontology-annotated.tsv|ensg00000249311|gene
23181|upstream_of|4e-07|GWAS|rs4973453|snp|https://ftp.ebi.ac.uk/pub/databases/gwas/releases/2024/07/29/gwas-catalog-associations_ontology-annotated.tsv|ensg00000177673|gene
6396|upstream_of|4e-07|GWAS|rs216531|snp|https://ftp.ebi.ac.uk/pub/databases/gwas/releases/2024/07/29/gwas-catalog-associations_ontology-annotated.tsv|ensg00000100612|gene
10412|upstream_of|4e-07|GWAS|rs9578326|snp|https://ftp.ebi.ac.uk/pub/databases/gwas/releases/2024/07/29/gwas-catalog-associations_ontology-annotated.tsv|ensg00000132953|gene
29014|upstream_of|4e-07|GWAS|rs6518724|snp|https://ftp.ebi.ac.uk/pub/databases/gwas/releases/2024/07/29/gwas-catalog-associations_ontology-annotated.tsv|ensg00000253352|gene
176925|upstream_of|4e-07|GWAS|rs1838309|snp|https://ftp.ebi.ac.uk/pub/databases/gwas/releases/2024/07/29/gwas-catalog-associations_ontology-annotated.tsv|ensg00000264232|gene
29737|upstream_of|4e-07|GWAS|rs1951536|snp|https://ftp.ebi.ac.uk/pub/databases/gwas/releases/2024/07/29/gwas-catalog-associations_ontology-annotated.tsv|ensg00000257523|gene
50347|upstream_of|4e-07|GWAS|rs4676097|snp|https://ftp.ebi.ac.uk/pub/databases/gwas/releases/2024/07/29/gwas-catalog-associations_ontology-annotated.tsv|ensg00000229360|gene
106602|upstream_of|4e-07|GWAS|rs17654195|snp|https://ftp.ebi.ac.uk/pub/databases/gwas/releases/2024/07/29/gwas-catalog-associations_ontology-annotated.tsv|ensg00000229568|gene
319211|upstream_of|4e-07|GWAS|rs4074741|snp|https://ftp.ebi.ac.uk/pub/databases/gwas/releases/2024/07/29/gwas-catalog-associations_ontology-annotated.tsv|ensg00000250337|gene
248226|upstream_of|4e-07|GWAS|rs11690224|snp|https://ftp.ebi.ac.uk/pub/databases/gwas/releases/2024/07/29/gwas-catalog-associations_ontology-annotated.tsv|ensg00000231532|gene
288883|upstream_of|5e-07|GWAS|rs9964122|snp|https://ftp.ebi.ac.uk/pub/databases/gwas/releases/2024/07/29/gwas-catalog-associations_ontology-annotated.tsv|ensg00000264232|gene
5854|upstream_of|5e-07|GWAS|rs79009481|snp|https://ftp.ebi.ac.uk/pub/databases/gwas/releases/2024/07/29/gwas-catalog-associations_ontology-annotated.tsv|ensg00000171467|gene
154594|upstream_of|5e-07|GWAS|rs1566990|snp|https://ftp.ebi.ac.uk/pub/databases/gwas/releases/2024/07/29/gwas-catalog-associations_ontology-annotated.tsv|ensg00000206718|gene
26553|upstream_of|5e-07|GWAS|rs75590369|snp|https://ftp.ebi.ac.uk/pub/databases/gwas/releases/2024/07/29/gwas-catalog-associations_ontology-annotated.tsv|ensg00000153498|gene
41174|upstream_of|5e-07|GWAS|rs6543946|snp|https://ftp.ebi.ac.uk/pub/databases/gwas/releases/2024/07/29/gwas-catalog-associations_ontology-annotated.tsv|ensg00000207255|gene
92482|upstream_of|5e-07|GWAS|rs475616|snp|https://ftp.ebi.ac.uk/pub/databases/gwas/releases/2024/07/29/gwas-catalog-associations_ontology-annotated.tsv|ensg00000165757|gene
27167|upstream_of|5e-07|GWAS|rs976517|snp|https://ftp.ebi.ac.uk/pub/databases/gwas/releases/2024/07/29/gwas-catalog-associations_ontology-annotated.tsv|ensg00000105866|gene
2518|upstream_of|5e-07|GWAS|rs409273|snp|https://ftp.ebi.ac.uk/pub/databases/gwas/releases/2024/07/29/gwas-catalog-associations_ontology-annotated.tsv|ensg00000113013|gene
18859|upstream_of|6e-07|GWAS|rs62149375|snp|https://ftp.ebi.ac.uk/pub/databases/gwas/releases/2024/07/29/gwas-catalog-associations_ontology-annotated.tsv|ensg00000271707|gene
443580|upstream_of|6e-07|GWAS|rs34019806|snp|https://ftp.ebi.ac.uk/pub/databases/gwas/releases/2024/07/29/gwas-catalog-associations_ontology-annotated.tsv|ensg00000137767|gene
208593|upstream_of|6e-07|GWAS|rs13090139|snp|https://ftp.ebi.ac.uk/pub/databases/gwas/releases/2024/07/29/gwas-catalog-associations_ontology-annotated.tsv|ensg00000114480|gene
6871|upstream_of|4e-11|GWAS|rs2571392|snp|https://ftp.ebi.ac.uk/pub/databases/gwas/releases/2024/07/29/gwas-catalog-associations_ontology-annotated.tsv|ensg00000206503|gene
19064|upstream_of|8e-43|GWAS|rs115333019|snp|https://ftp.ebi.ac.uk/pub/databases/gwas/releases/2024/07/29/gwas-catalog-associations_ontology-annotated.tsv|ensg00000231226|gene
12794|upstream_of|9e-19|GWAS|rs144360625|snp|https://ftp.ebi.ac.uk/pub/databases/gwas/releases/2024/07/29/gwas-catalog-associations_ontology-annotated.tsv|ensg00000204475|gene
11738|upstream_of|5e-13|GWAS|rs747844459|snp|https://ftp.ebi.ac.uk/pub/databases/gwas/releases/2024/07/29/gwas-catalog-associations_ontology-annotated.tsv|ensg00000263894|gene
4649|upstream_of|4e-10|GWAS|rs6905288|snp|https://ftp.ebi.ac.uk/pub/databases/gwas/releases/2024/07/29/gwas-catalog-associations_ontology-annotated.tsv|ensg00000112715|gene
104905|upstream_of|9e-37|GWAS|rs4715018|snp|https://ftp.ebi.ac.uk/pub/databases/gwas/releases/2024/07/29/gwas-catalog-associations_ontology-annotated.tsv|ensg00000271328|gene
29655|upstream_of|3e-12|GWAS|rs11398842|snp|https://ftp.ebi.ac.uk/pub/databases/gwas/releases/2024/07/29/gwas-catalog-associations_ontology-annotated.tsv|ensg00000135537|gene
39436|upstream_of|2e-10|GWAS|rs10872223|snp|https://ftp.ebi.ac.uk/pub/databases/gwas/releases/2024/07/29/gwas-catalog-associations_ontology-annotated.tsv|ensg00000199458|gene
44898|upstream_of|0.0|GWAS|rs592423|snp|https://ftp.ebi.ac.uk/pub/databases/gwas/releases/2024/07/29/gwas-catalog-associations_ontology-annotated.tsv|ensg00000238099|gene
46332|upstream_of|7e-19|GWAS|rs3890984|snp|https://ftp.ebi.ac.uk/pub/databases/gwas/releases/2024/07/29/gwas-catalog-associations_ontology-annotated.tsv|ensg00000238099|gene
22106|upstream_of|3e-12|GWAS|rs10762861|snp|https://ftp.ebi.ac.uk/pub/databases/gwas/releases/2024/07/29/gwas-catalog-associations_ontology-annotated.tsv|ensg00000108179|gene
33857|upstream_of|4e-23|GWAS|rs806685|snp|https://ftp.ebi.ac.uk/pub/databases/gwas/releases/2024/07/29/gwas-catalog-associations_ontology-annotated.tsv|ensg00000171862|gene
12609|upstream_of|1e-47|GWAS|rs10786559|snp|https://ftp.ebi.ac.uk/pub/databases/gwas/releases/2024/07/29/gwas-catalog-associations_ontology-annotated.tsv|ensg00000119919|gene
33236|upstream_of|1e-10|GWAS|rs75088562|snp|https://ftp.ebi.ac.uk/pub/databases/gwas/releases/2024/07/29/gwas-catalog-associations_ontology-annotated.tsv|ensg00000150760|gene
5874|upstream_of|1e-24|GWAS|rs11606396|snp|https://ftp.ebi.ac.uk/pub/databases/gwas/releases/2024/07/29/gwas-catalog-associations_ontology-annotated.tsv|ensg00000172409|gene
11380|upstream_of|8e-11|GWAS|rs7107455|snp|https://ftp.ebi.ac.uk/pub/databases/gwas/releases/2024/07/29/gwas-catalog-associations_ontology-annotated.tsv|ensg00000150676|gene
245528|upstream_of|1e-25|GWAS|rs11224314|snp|https://ftp.ebi.ac.uk/pub/databases/gwas/releases/2024/07/29/gwas-catalog-associations_ontology-annotated.tsv|ensg00000149972|gene
22460|upstream_of|3e-10|GWAS|rs7110899|snp|https://ftp.ebi.ac.uk/pub/databases/gwas/releases/2024/07/29/gwas-catalog-associations_ontology-annotated.tsv|ensg00000171053|gene
126217|upstream_of|1e-33|GWAS|rs10750385|snp|https://ftp.ebi.ac.uk/pub/databases/gwas/releases/2024/07/29/gwas-catalog-associations_ontology-annotated.tsv|ensg00000254612|gene
123577|upstream_of|1e-176|GWAS|rs10849022|snp|https://ftp.ebi.ac.uk/pub/databases/gwas/releases/2024/07/29/gwas-catalog-associations_ontology-annotated.tsv|ensg00000256356|gene
42969|upstream_of|4e-23|GWAS|rs2344965|snp|https://ftp.ebi.ac.uk/pub/databases/gwas/releases/2024/07/29/gwas-catalog-associations_ontology-annotated.tsv|ensg00000123104|gene
6210|upstream_of|4e-23|GWAS|rs190506411|snp|https://ftp.ebi.ac.uk/pub/databases/gwas/releases/2024/07/29/gwas-catalog-associations_ontology-annotated.tsv|ensg00000086232|gene
11655|upstream_of|2e-15|GWAS|rs10277403|snp|https://ftp.ebi.ac.uk/pub/databases/gwas/releases/2024/07/29/gwas-catalog-associations_ontology-annotated.tsv|ensg00000136205|gene
23307|upstream_of|2e-09|GWAS|rs6979218|snp|https://ftp.ebi.ac.uk/pub/databases/gwas/releases/2024/07/29/gwas-catalog-associations_ontology-annotated.tsv|ensg00000239521|gene
18216|upstream_of|1e-71|GWAS|rs4524734|snp|https://ftp.ebi.ac.uk/pub/databases/gwas/releases/2024/07/29/gwas-catalog-associations_ontology-annotated.tsv|ensg00000172331|gene
1316|upstream_of|6e-09|GWAS|rs1394491|snp|https://ftp.ebi.ac.uk/pub/databases/gwas/releases/2024/07/29/gwas-catalog-associations_ontology-annotated.tsv|ensg00000146858|gene
181|upstream_of|5e-12|GWAS|rs3813356|snp|https://ftp.ebi.ac.uk/pub/databases/gwas/releases/2024/07/29/gwas-catalog-associations_ontology-annotated.tsv|ensg00000079950|gene
45858|upstream_of|5e-284|GWAS|rs607203|snp|https://ftp.ebi.ac.uk/pub/databases/gwas/releases/2024/07/29/gwas-catalog-associations_ontology-annotated.tsv|ensg00000238099|gene
125308|upstream_of|1e-10|GWAS|rs4294610|snp|https://ftp.ebi.ac.uk/pub/databases/gwas/releases/2024/07/29/gwas-catalog-associations_ontology-annotated.tsv|ensg00000207127|gene
5771|upstream_of|3e-10|GWAS|rs12422552|snp|https://ftp.ebi.ac.uk/pub/databases/gwas/releases/2024/07/29/gwas-catalog-associations_ontology-annotated.tsv|ensg00000255749|gene
228386|upstream_of|2e-09|GWAS|rs7975187|snp|https://ftp.ebi.ac.uk/pub/databases/gwas/releases/2024/07/29/gwas-catalog-associations_ontology-annotated.tsv|ensg00000207127|gene
181678|upstream_of|2e-09|GWAS|rs61941722|snp|https://ftp.ebi.ac.uk/pub/databases/gwas/releases/2024/07/29/gwas-catalog-associations_ontology-annotated.tsv|ensg00000207127|gene
37185|upstream_of|5e-09|GWAS|rs11115160|snp|https://ftp.ebi.ac.uk/pub/databases/gwas/releases/2024/07/29/gwas-catalog-associations_ontology-annotated.tsv|ensg00000257747|gene
315826|upstream_of|8e-09|GWAS|rs7976757|snp|https://ftp.ebi.ac.uk/pub/databases/gwas/releases/2024/07/29/gwas-catalog-associations_ontology-annotated.tsv|ensg00000177938|gene
16954|upstream_of|1e-08|GWAS|rs10785282|snp|https://ftp.ebi.ac.uk/pub/databases/gwas/releases/2024/07/29/gwas-catalog-associations_ontology-annotated.tsv|ensg00000257858|gene
14662|upstream_of|2e-08|GWAS|rs2675568|snp|https://ftp.ebi.ac.uk/pub/databases/gwas/releases/2024/07/29/gwas-catalog-associations_ontology-annotated.tsv|ensg00000186666|gene
82349|upstream_of|2e-08|GWAS|rs1819844|snp|https://ftp.ebi.ac.uk/pub/databases/gwas/releases/2024/07/29/gwas-catalog-associations_ontology-annotated.tsv|ensg00000255970|gene
12754|upstream_of|3e-08|GWAS|rs11834788|snp|https://ftp.ebi.ac.uk/pub/databases/gwas/releases/2024/07/29/gwas-catalog-associations_ontology-annotated.tsv|ensg00000123415|gene
117|upstream_of|3e-08|GWAS|rs73114181|snp|https://ftp.ebi.ac.uk/pub/databases/gwas/releases/2024/07/29/gwas-catalog-associations_ontology-annotated.tsv|ensg00000242041|gene
18421|upstream_of|3e-08|GWAS|rs287028|snp|https://ftp.ebi.ac.uk/pub/databases/gwas/releases/2024/07/29/gwas-catalog-associations_ontology-annotated.tsv|ensg00000165966|gene
5387|upstream_of|9e-10|GWAS|rs7331420|snp|https://ftp.ebi.ac.uk/pub/databases/gwas/releases/2024/07/29/gwas-catalog-associations_ontology-annotated.tsv|ensg00000224418|gene
11334|upstream_of|5e-16|GWAS|rs1967772|snp|https://ftp.ebi.ac.uk/pub/databases/gwas/releases/2024/07/29/gwas-catalog-associations_ontology-annotated.tsv|ensg00000122033|gene
110|upstream_of|1e-25|GWAS|rs12037805|snp|https://ftp.ebi.ac.uk/pub/databases/gwas/releases/2024/07/29/gwas-catalog-associations_ontology-annotated.tsv|ensg00000196517|gene
24262|upstream_of|3e-97|GWAS|rs11211479|snp|https://ftp.ebi.ac.uk/pub/databases/gwas/releases/2024/07/29/gwas-catalog-associations_ontology-annotated.tsv|ensg00000162366|gene
37634|upstream_of|8e-28|GWAS|rs10158937|snp|https://ftp.ebi.ac.uk/pub/databases/gwas/releases/2024/07/29/gwas-catalog-associations_ontology-annotated.tsv|ensg00000116678|gene
11676|upstream_of|1e-42|GWAS|rs3962382|snp|https://ftp.ebi.ac.uk/pub/databases/gwas/releases/2024/07/29/gwas-catalog-associations_ontology-annotated.tsv|ensg00000116717|gene
66882|upstream_of|7e-73|GWAS|rs10923397|snp|https://ftp.ebi.ac.uk/pub/databases/gwas/releases/2024/07/29/gwas-catalog-associations_ontology-annotated.tsv|ensg00000213262|gene
19706|upstream_of|4e-34|GWAS|rs6661909|snp|https://ftp.ebi.ac.uk/pub/databases/gwas/releases/2024/07/29/gwas-catalog-associations_ontology-annotated.tsv|ensg00000143515|gene
1162|upstream_of|3e-28|GWAS|rs67034206|snp|https://ftp.ebi.ac.uk/pub/databases/gwas/releases/2024/07/29/gwas-catalog-associations_ontology-annotated.tsv|ensg00000189030|gene
362|upstream_of|1e-10|GWAS|rs11587213|snp|https://ftp.ebi.ac.uk/pub/databases/gwas/releases/2024/07/29/gwas-catalog-associations_ontology-annotated.tsv|ensg00000158864|gene
8459|upstream_of|1e-10|GWAS|rs185690892|snp|https://ftp.ebi.ac.uk/pub/databases/gwas/releases/2024/07/29/gwas-catalog-associations_ontology-annotated.tsv|ensg00000143147|gene
32952|upstream_of|1e-194|GWAS|rs16843346|snp|https://ftp.ebi.ac.uk/pub/databases/gwas/releases/2024/07/29/gwas-catalog-associations_ontology-annotated.tsv|ensg00000151418|gene
2445|upstream_of|4e-72|GWAS|rs17534202|snp|https://ftp.ebi.ac.uk/pub/databases/gwas/releases/2024/07/29/gwas-catalog-associations_ontology-annotated.tsv|ensg00000159388|gene
44068|upstream_of|4e-13|GWAS|rs118131223|snp|https://ftp.ebi.ac.uk/pub/databases/gwas/releases/2024/07/29/gwas-catalog-associations_ontology-annotated.tsv|ensg00000253352|gene
8457|upstream_of|1e-10|GWAS|rs5750847|snp|https://ftp.ebi.ac.uk/pub/databases/gwas/releases/2024/07/29/gwas-catalog-associations_ontology-annotated.tsv|ensg00000187051|gene
23716|upstream_of|5e-26|GWAS|rs4822191|snp|https://ftp.ebi.ac.uk/pub/databases/gwas/releases/2024/07/29/gwas-catalog-associations_ontology-annotated.tsv|ensg00000128274|gene
6828|upstream_of|4e-29|GWAS|rs6661554|snp|https://ftp.ebi.ac.uk/pub/databases/gwas/releases/2024/07/29/gwas-catalog-associations_ontology-annotated.tsv|ensg00000130764|gene
2674|upstream_of|2e-82|GWAS|rs55794721|snp|https://ftp.ebi.ac.uk/pub/databases/gwas/releases/2024/07/29/gwas-catalog-associations_ontology-annotated.tsv|ensg00000117614|gene
21156|upstream_of|3e-10|GWAS|rs144442782|snp|https://ftp.ebi.ac.uk/pub/databases/gwas/releases/2024/07/29/gwas-catalog-associations_ontology-annotated.tsv|ensg00000231099|gene
7610|upstream_of|2e-19|GWAS|rs6734238|snp|https://ftp.ebi.ac.uk/pub/databases/gwas/releases/2024/07/29/gwas-catalog-associations_ontology-annotated.tsv|ensg00000136697|gene
55895|upstream_of|3e-30|GWAS|rs920112|snp|https://ftp.ebi.ac.uk/pub/databases/gwas/releases/2024/07/29/gwas-catalog-associations_ontology-annotated.tsv|ensg00000231735|gene
63683|upstream_of|6e-15|GWAS|rs76005009|snp|https://ftp.ebi.ac.uk/pub/databases/gwas/releases/2024/07/29/gwas-catalog-associations_ontology-annotated.tsv|ensg00000118997|gene
301|upstream_of|3e-12|GWAS|rs13029742|snp|https://ftp.ebi.ac.uk/pub/databases/gwas/releases/2024/07/29/gwas-catalog-associations_ontology-annotated.tsv|ensg00000213901|gene
313334|upstream_of|2e-36|GWAS|rs1356334|snp|https://ftp.ebi.ac.uk/pub/databases/gwas/releases/2024/07/29/gwas-catalog-associations_ontology-annotated.tsv|ensg00000231032|gene
34659|upstream_of|3e-25|GWAS|rs9810259|snp|https://ftp.ebi.ac.uk/pub/databases/gwas/releases/2024/07/29/gwas-catalog-associations_ontology-annotated.tsv|ensg00000157152|gene
18757|upstream_of|1e-24|GWAS|rs61850977|snp|https://ftp.ebi.ac.uk/pub/databases/gwas/releases/2024/07/29/gwas-catalog-associations_ontology-annotated.tsv|ensg00000226986|gene
1382|upstream_of|7e-23|GWAS|rs9783086|snp|https://ftp.ebi.ac.uk/pub/databases/gwas/releases/2024/07/29/gwas-catalog-associations_ontology-annotated.tsv|ensg00000185842|gene
25223|upstream_of|3e-17|GWAS|rs4403658|snp|https://ftp.ebi.ac.uk/pub/databases/gwas/releases/2024/07/29/gwas-catalog-associations_ontology-annotated.tsv|ensg00000231768|gene
12694|upstream_of|6e-91|GWAS|rs6730558|snp|https://ftp.ebi.ac.uk/pub/databases/gwas/releases/2024/07/29/gwas-catalog-associations_ontology-annotated.tsv|ensg00000225642|gene
3782|upstream_of|7e-33|GWAS|rs6749855|snp|https://ftp.ebi.ac.uk/pub/databases/gwas/releases/2024/07/29/gwas-catalog-associations_ontology-annotated.tsv|ensg00000268412|gene
33759|upstream_of|5e-42|GWAS|rs4672497|snp|https://ftp.ebi.ac.uk/pub/databases/gwas/releases/2024/07/29/gwas-catalog-associations_ontology-annotated.tsv|ensg00000239958|gene
99|upstream_of|1e-15|GWAS|rs2516482|snp|https://ftp.ebi.ac.uk/pub/databases/gwas/releases/2024/07/29/gwas-catalog-associations_ontology-annotated.tsv|ensg00000225499|gene
642|upstream_of|2e-14|GWAS|rs17201192|snp|https://ftp.ebi.ac.uk/pub/databases/gwas/releases/2024/07/29/gwas-catalog-associations_ontology-annotated.tsv|ensg00000204389|gene
45612|upstream_of|1e-11|GWAS|rs1054684|snp|https://ftp.ebi.ac.uk/pub/databases/gwas/releases/2024/07/29/gwas-catalog-associations_ontology-annotated.tsv|ensg00000232629|gene
7588|upstream_of|4e-26|GWAS|rs28366362|snp|https://ftp.ebi.ac.uk/pub/databases/gwas/releases/2024/07/29/gwas-catalog-associations_ontology-annotated.tsv|ensg00000196126|gene
3957|upstream_of|7e-15|GWAS|rs111959275|snp|https://ftp.ebi.ac.uk/pub/databases/gwas/releases/2024/07/29/gwas-catalog-associations_ontology-annotated.tsv|ensg00000196735|gene
10466|upstream_of|5e-09|GWAS|rs41288885|snp|https://ftp.ebi.ac.uk/pub/databases/gwas/releases/2024/07/29/gwas-catalog-associations_ontology-annotated.tsv|ensg00000235040|gene
1453|upstream_of|5e-11|GWAS|rs34894487|snp|https://ftp.ebi.ac.uk/pub/databases/gwas/releases/2024/07/29/gwas-catalog-associations_ontology-annotated.tsv|ensg00000270800|gene
154067|upstream_of|5e-15|GWAS|rs9381340|snp|https://ftp.ebi.ac.uk/pub/databases/gwas/releases/2024/07/29/gwas-catalog-associations_ontology-annotated.tsv|ensg00000096401|gene
26359|upstream_of|6e-15|GWAS|rs72835315|snp|https://ftp.ebi.ac.uk/pub/databases/gwas/releases/2024/07/29/gwas-catalog-associations_ontology-annotated.tsv|ensg00000263667|gene
105947|upstream_of|8e-11|GWAS|rs9392840|snp|https://ftp.ebi.ac.uk/pub/databases/gwas/releases/2024/07/29/gwas-catalog-associations_ontology-annotated.tsv|ensg00000219986|gene
107304|upstream_of|2e-09|GWAS|rs9328393|snp|https://ftp.ebi.ac.uk/pub/databases/gwas/releases/2024/07/29/gwas-catalog-associations_ontology-annotated.tsv|ensg00000219986|gene
146687|upstream_of|1e-09|GWAS|rs61025394|snp|https://ftp.ebi.ac.uk/pub/databases/gwas/releases/2024/07/29/gwas-catalog-associations_ontology-annotated.tsv|ensg00000240936|gene
124878|upstream_of|7e-10|GWAS|rs9470670|snp|https://ftp.ebi.ac.uk/pub/databases/gwas/releases/2024/07/29/gwas-catalog-associations_ontology-annotated.tsv|ensg00000215124|gene
8124|upstream_of|3e-14|GWAS|rs57732760|snp|https://ftp.ebi.ac.uk/pub/databases/gwas/releases/2024/07/29/gwas-catalog-associations_ontology-annotated.tsv|ensg00000218265|gene
69341|upstream_of|2e-09|GWAS|rs1267494|snp|https://ftp.ebi.ac.uk/pub/databases/gwas/releases/2024/07/29/gwas-catalog-associations_ontology-annotated.tsv|ensg00000206960|gene
15526|upstream_of|2e-09|GWAS|rs78144291|snp|https://ftp.ebi.ac.uk/pub/databases/gwas/releases/2024/07/29/gwas-catalog-associations_ontology-annotated.tsv|ensg00000172197|gene
433799|upstream_of|4e-12|GWAS|rs2328765|snp|https://ftp.ebi.ac.uk/pub/databases/gwas/releases/2024/07/29/gwas-catalog-associations_ontology-annotated.tsv|ensg00000207394|gene
56612|upstream_of|3e-26|GWAS|rs6939900|snp|https://ftp.ebi.ac.uk/pub/databases/gwas/releases/2024/07/29/gwas-catalog-associations_ontology-annotated.tsv|ensg00000206344|gene
60706|upstream_of|6e-44|GWAS|rs2524108|snp|https://ftp.ebi.ac.uk/pub/databases/gwas/releases/2024/07/29/gwas-catalog-associations_ontology-annotated.tsv|ensg00000206344|gene
814|upstream_of|2e-70|GWAS|rs2249742|snp|https://ftp.ebi.ac.uk/pub/databases/gwas/releases/2024/07/29/gwas-catalog-associations_ontology-annotated.tsv|ensg00000204525|gene
39838|upstream_of|2e-15|GWAS|rs34872474|snp|https://ftp.ebi.ac.uk/pub/databases/gwas/releases/2024/07/29/gwas-catalog-associations_ontology-annotated.tsv|ensg00000256166|gene
29128|upstream_of|8e-27|GWAS|rs28895001|snp|https://ftp.ebi.ac.uk/pub/databases/gwas/releases/2024/07/29/gwas-catalog-associations_ontology-annotated.tsv|ensg00000256166|gene
175545|upstream_of|8e-13|GWAS|rs11839227|snp|https://ftp.ebi.ac.uk/pub/databases/gwas/releases/2024/07/29/gwas-catalog-associations_ontology-annotated.tsv|ensg00000214335|gene
830300|upstream_of|6e-10|GWAS|rs4435118|snp|https://ftp.ebi.ac.uk/pub/databases/gwas/releases/2024/07/29/gwas-catalog-associations_ontology-annotated.tsv|ensg00000227674|gene
320619|upstream_of|2e-09|GWAS|rs9540493|snp|https://ftp.ebi.ac.uk/pub/databases/gwas/releases/2024/07/29/gwas-catalog-associations_ontology-annotated.tsv|ensg00000214266|gene
61860|upstream_of|3e-09|GWAS|rs9602955|snp|https://ftp.ebi.ac.uk/pub/databases/gwas/releases/2024/07/29/gwas-catalog-associations_ontology-annotated.tsv|ensg00000228241|gene
191507|upstream_of|3e-09|GWAS|rs9527864|snp|https://ftp.ebi.ac.uk/pub/databases/gwas/releases/2024/07/29/gwas-catalog-associations_ontology-annotated.tsv|ensg00000214335|gene
159721|upstream_of|4e-09|GWAS|rs35528533|snp|https://ftp.ebi.ac.uk/pub/databases/gwas/releases/2024/07/29/gwas-catalog-associations_ontology-annotated.tsv|ensg00000214266|gene
244474|upstream_of|6e-09|GWAS|rs138788250|snp|https://ftp.ebi.ac.uk/pub/databases/gwas/releases/2024/07/29/gwas-catalog-associations_ontology-annotated.tsv|ensg00000232204|gene
117667|upstream_of|1e-08|GWAS|rs66761698|snp|https://ftp.ebi.ac.uk/pub/databases/gwas/releases/2024/07/29/gwas-catalog-associations_ontology-annotated.tsv|ensg00000229578|gene
69717|upstream_of|1e-08|GWAS|rs1980992|snp|https://ftp.ebi.ac.uk/pub/databases/gwas/releases/2024/07/29/gwas-catalog-associations_ontology-annotated.tsv|ensg00000230584|gene
67490|upstream_of|2e-08|GWAS|rs9538136|snp|https://ftp.ebi.ac.uk/pub/databases/gwas/releases/2024/07/29/gwas-catalog-associations_ontology-annotated.tsv|ensg00000214335|gene
149139|upstream_of|3e-08|GWAS|rs9531917|snp|https://ftp.ebi.ac.uk/pub/databases/gwas/releases/2024/07/29/gwas-catalog-associations_ontology-annotated.tsv|ensg00000228241|gene
11702|upstream_of|3e-08|GWAS|rs72665129|snp|https://ftp.ebi.ac.uk/pub/databases/gwas/releases/2024/07/29/gwas-catalog-associations_ontology-annotated.tsv|ensg00000234551|gene
103431|upstream_of|3e-08|GWAS|rs61967118|snp|https://ftp.ebi.ac.uk/pub/databases/gwas/releases/2024/07/29/gwas-catalog-associations_ontology-annotated.tsv|ensg00000230584|gene
71034|upstream_of|4e-08|GWAS|rs150502290|snp|https://ftp.ebi.ac.uk/pub/databases/gwas/releases/2024/07/29/gwas-catalog-associations_ontology-annotated.tsv|ensg00000232954|gene
163652|upstream_of|4e-08|GWAS|rs9571548|snp|https://ftp.ebi.ac.uk/pub/databases/gwas/releases/2024/07/29/gwas-catalog-associations_ontology-annotated.tsv|ensg00000263581|gene
7529|upstream_of|7e-09|GWAS|rs117998971|snp|https://ftp.ebi.ac.uk/pub/databases/gwas/releases/2024/07/29/gwas-catalog-associations_ontology-annotated.tsv|ensg00000243904|gene
13554|upstream_of|3e-16|GWAS|rs4970935|snp|https://ftp.ebi.ac.uk/pub/databases/gwas/releases/2024/07/29/gwas-catalog-associations_ontology-annotated.tsv|ensg00000228126|gene
8075|upstream_of|1e-06|GWAS|rs6700122|snp|https://ftp.ebi.ac.uk/pub/databases/gwas/releases/2024/07/29/gwas-catalog-associations_ontology-annotated.tsv|ensg00000207974|gene
31282|upstream_of|1e-09|GWAS|rs28451064|snp|https://ftp.ebi.ac.uk/pub/databases/gwas/releases/2024/07/29/gwas-catalog-associations_ontology-annotated.tsv|ensg00000227456|gene
5663|upstream_of|8e-06|GWAS|rs189056|snp|https://ftp.ebi.ac.uk/pub/databases/gwas/releases/2024/07/29/gwas-catalog-associations_ontology-annotated.tsv|ensg00000066405|gene
328|upstream_of|2e-15|GWAS|rs7950331|snp|https://ftp.ebi.ac.uk/pub/databases/gwas/releases/2024/07/29/gwas-catalog-associations_ontology-annotated.tsv|ensg00000175390|gene
8822|upstream_of|2e-13|GWAS|rs4312081|snp|https://ftp.ebi.ac.uk/pub/databases/gwas/releases/2024/07/29/gwas-catalog-associations_ontology-annotated.tsv|ensg00000174914|gene
243573|upstream_of|2e-25|GWAS|rs11600132|snp|https://ftp.ebi.ac.uk/pub/databases/gwas/releases/2024/07/29/gwas-catalog-associations_ontology-annotated.tsv|ensg00000149972|gene
137013|upstream_of|2e-33|GWAS|rs6590297|snp|https://ftp.ebi.ac.uk/pub/databases/gwas/releases/2024/07/29/gwas-catalog-associations_ontology-annotated.tsv|ensg00000254612|gene
123577|upstream_of|3e-200|GWAS|rs10849022|snp|https://ftp.ebi.ac.uk/pub/databases/gwas/releases/2024/07/29/gwas-catalog-associations_ontology-annotated.tsv|ensg00000256356|gene
202909|upstream_of|4e-11|GWAS|rs670180|snp|https://ftp.ebi.ac.uk/pub/databases/gwas/releases/2024/07/29/gwas-catalog-associations_ontology-annotated.tsv|ensg00000202433|gene
1078|upstream_of|2e-88|GWAS|rs9573567|snp|https://ftp.ebi.ac.uk/pub/databases/gwas/releases/2024/07/29/gwas-catalog-associations_ontology-annotated.tsv|ensg00000136111|gene
7640|upstream_of|5e-11|GWAS|rs11160010|snp|https://ftp.ebi.ac.uk/pub/databases/gwas/releases/2024/07/29/gwas-catalog-associations_ontology-annotated.tsv|ensg00000100796|gene
34363|upstream_of|2e-27|GWAS|rs1555405|snp|https://ftp.ebi.ac.uk/pub/databases/gwas/releases/2024/07/29/gwas-catalog-associations_ontology-annotated.tsv|ensg00000196273|gene
4857|upstream_of|9e-47|GWAS|rs1998422|snp|https://ftp.ebi.ac.uk/pub/databases/gwas/releases/2024/07/29/gwas-catalog-associations_ontology-annotated.tsv|ensg00000156381|gene
4145|upstream_of|1e-30|GWAS|rs12885878|snp|https://ftp.ebi.ac.uk/pub/databases/gwas/releases/2024/07/29/gwas-catalog-associations_ontology-annotated.tsv|ensg00000166166|gene
15592|upstream_of|2e-29|GWAS|rs140651163|snp|https://ftp.ebi.ac.uk/pub/databases/gwas/releases/2024/07/29/gwas-catalog-associations_ontology-annotated.tsv|ensg00000234660|gene
42969|upstream_of|2e-24|GWAS|rs2344965|snp|https://ftp.ebi.ac.uk/pub/databases/gwas/releases/2024/07/29/gwas-catalog-associations_ontology-annotated.tsv|ensg00000123104|gene
6182|upstream_of|4e-18|GWAS|rs864899|snp|https://ftp.ebi.ac.uk/pub/databases/gwas/releases/2024/07/29/gwas-catalog-associations_ontology-annotated.tsv|ensg00000123268|gene
18732|upstream_of|1e-67|GWAS|rs12582170|snp|https://ftp.ebi.ac.uk/pub/databases/gwas/releases/2024/07/29/gwas-catalog-associations_ontology-annotated.tsv|ensg00000170374|gene
8008|upstream_of|5e-15|GWAS|rs11177378|snp|https://ftp.ebi.ac.uk/pub/databases/gwas/releases/2024/07/29/gwas-catalog-associations_ontology-annotated.tsv|ensg00000175782|gene
20708|upstream_of|6e-49|GWAS|rs10858740|snp|https://ftp.ebi.ac.uk/pub/databases/gwas/releases/2024/07/29/gwas-catalog-associations_ontology-annotated.tsv|ensg00000207127|gene
178329|upstream_of|5e-29|GWAS|rs4761517|snp|https://ftp.ebi.ac.uk/pub/databases/gwas/releases/2024/07/29/gwas-catalog-associations_ontology-annotated.tsv|ensg00000258171|gene
3365|upstream_of|8e-27|GWAS|rs61952920|snp|https://ftp.ebi.ac.uk/pub/databases/gwas/releases/2024/07/29/gwas-catalog-associations_ontology-annotated.tsv|ensg00000256546|gene
3950|upstream_of|6e-25|GWAS|rs57565032|snp|https://ftp.ebi.ac.uk/pub/databases/gwas/releases/2024/07/29/gwas-catalog-associations_ontology-annotated.tsv|ensg00000177192|gene
1858|upstream_of|6e-14|GWAS|rs17062711|snp|https://ftp.ebi.ac.uk/pub/databases/gwas/releases/2024/07/29/gwas-catalog-associations_ontology-annotated.tsv|ensg00000226093|gene
35157|upstream_of|5e-09|GWAS|rs72731535|snp|https://ftp.ebi.ac.uk/pub/databases/gwas/releases/2024/07/29/gwas-catalog-associations_ontology-annotated.tsv|ensg00000207089|gene
28154|upstream_of|2e-33|GWAS|rs9323612|snp|https://ftp.ebi.ac.uk/pub/databases/gwas/releases/2024/07/29/gwas-catalog-associations_ontology-annotated.tsv|ensg00000140044|gene
152094|upstream_of|1e-09|GWAS|rs76659130|snp|https://ftp.ebi.ac.uk/pub/databases/gwas/releases/2024/07/29/gwas-catalog-associations_ontology-annotated.tsv|ensg00000246223|gene
54915|upstream_of|6e-10|GWAS|rs10145277|snp|https://ftp.ebi.ac.uk/pub/databases/gwas/releases/2024/07/29/gwas-catalog-associations_ontology-annotated.tsv|ensg00000127152|gene
108134|upstream_of|1e-12|GWAS|rs1175396|snp|https://ftp.ebi.ac.uk/pub/databases/gwas/releases/2024/07/29/gwas-catalog-associations_ontology-annotated.tsv|ensg00000235097|gene
18539|upstream_of|4e-10|GWAS|rs557871456|snp|https://ftp.ebi.ac.uk/pub/databases/gwas/releases/2024/07/29/gwas-catalog-associations_ontology-annotated.tsv|ensg00000232881|gene
