id|accessions|label|protein_name|source|source_url|synonyms
q9nu02|"[""B3KUQ0"", ""Q9H6Y9""]"|protein|ANKE1|Uniprot|https://www.uniprot.org/|"[""AGR:HGNC:15803"", ""AlphaFoldDB:Q9NU02"", ""Antibodypedia:35178"", ""Bgee:ENSG00000132623"", ""BioGRID-ORCS:63926"", ""BioGRID:121995"", ""BioMuta:ANKEF1"", ""CCDS:CCDS13108.1"", ""CTD:63926"", ""DisGeNET:63926"", ""DMDM:20137528"", ""DNASU:63926"", ""eggNOG:KOG4177"", ""EMBL:AK025322"", ""EMBL:AK097689"", ""EMBL:AL109754"", ""EMBL:BAB15111.1"", ""EMBL:BAG53512.1"", ""EMBL:CH471133"", ""EMBL:EAX10355.1"", ""Ensembl:ENSG00000132623.16"", ""Ensembl:ENSP00000367631.3"", ""Ensembl:ENSP00000367644.1"", ""Ensembl:ENST00000378380.4"", ""Ensembl:ENST00000378392.6"", ""Gene3D:1.10.238.10"", ""Gene3D:1.25.40.20"", ""GeneCards:ANKEF1"", ""GeneID:63926"", ""GeneTree:ENSGT00940000156852"", ""Genevisible:Q9NU02"", ""GenomeRNAi:63926"", ""GO:GO:0005509"", ""HGNC:HGNC:15803"", ""HOGENOM:CLU_020261_0_0_1"", ""HPA:ENSG00000132623"", ""InParanoid:Q9NU02"", ""IntAct:Q9NU02"", ""InterPro:IPR002048"", ""InterPro:IPR002110"", ""InterPro:IPR011992"", ""InterPro:IPR036770"", ""iPTMnet:Q9NU02"", ""KEGG:hsa:63926"", ""MANE-Select:ENSP00000367644.1"", ""MANE-Select:ENST00000378392.6"", ""MANE-Select:NM_022096.6"", ""MANE-Select:NP_071379.3"", ""MassIVE:Q9NU02"", ""MaxQB:Q9NU02"", ""MINT:Q9NU02"", ""neXtProt:NX_Q9NU02"", ""OMA:EHKTPRA"", ""OpenTargets:ENSG00000132623"", ""OrthoDB:3075304at2759"", ""PANTHER:PTHR24127"", ""PANTHER:PTHR24127:SF1"", ""PathwayCommons:Q9NU02"", ""PaxDb:Q9NU02"", ""PeptideAtlas:Q9NU02"", ""Pfam:PF00023"", ""Pfam:PF12796"", ""Pfam:PF13637"", ""PharmGKB:PA24806"", ""Pharos:Q9NU02"", ""PhosphoSitePlus:Q9NU02"", ""PhylomeDB:Q9NU02"", ""PRINTS:PR01415"", ""PRO:PR:Q9NU02"", ""PROSITE:PS50088"", ""PROSITE:PS50222"", ""PROSITE:PS50297"", ""Proteomes:UP000005640"", ""ProteomicsDB:82647"", ""RefSeq:NM_001303472.1"", ""RefSeq:NM_022096.5"", ""RefSeq:NM_198798.2"", ""RefSeq:NP_001290401.1"", ""RefSeq:NP_071379.3"", ""RefSeq:NP_942093.1"", ""RNAct:Q9NU02"", ""SignaLink:Q9NU02"", ""SMART:SM00248"", ""SMR:Q9NU02"", ""STRING:9606.ENSP00000367631"", ""SUPFAM:SSF47473"", ""SUPFAM:SSF48403"", ""TreeFam:TF351260"", ""UCSC:uc002wno.4"", ""VEuPathDB:HostDB:ENSG00000132623""]"
q9y2f9|"[""D3DW19"", ""Q5JY73""]"|protein|BTBD3|Uniprot|https://www.uniprot.org/|"[""AGR:HGNC:15854"", ""AlphaFoldDB:Q9Y2F9"", ""Antibodypedia:8935"", ""Bgee:ENSG00000132640"", ""BioGRID-ORCS:22903"", ""BioGRID:116567"", ""BioMuta:BTBD3"", ""CCDS:CCDS13113.1"", ""CCDS:CCDS13114.1"", ""CDD:cd18348"", ""CDD:cd18524"", ""ChiTaRS:BTBD3"", ""CTD:22903"", ""DisGeNET:22903"", ""DMDM:20137580"", ""DNASU:22903"", ""eggNOG:KOG2075"", ""EMBL:AAI01528.1"", ""EMBL:AAI09316.1"", ""EMBL:AAI09317.1"", ""EMBL:AB023169"", ""EMBL:AL035448"", ""EMBL:BAA76796.2"", ""EMBL:BC101527"", ""EMBL:BC109315"", ""EMBL:BC109316"", ""EMBL:CH471133"", ""EMBL:EAX10327.1"", ""EMBL:EAX10328.1"", ""Ensembl:ENSG00000132640.15"", ""Ensembl:ENSP00000254977.3"", ""Ensembl:ENSP00000367471.2"", ""Ensembl:ENSP00000381971.2"", ""Ensembl:ENSP00000384545.1"", ""Ensembl:ENSP00000477589.1"", ""Ensembl:ENSP00000483520.1"", ""Ensembl:ENST00000254977.7"", ""Ensembl:ENST00000378226.7"", ""Ensembl:ENST00000399006.6"", ""Ensembl:ENST00000405977.5"", ""Ensembl:ENST00000618296.4"", ""Ensembl:ENST00000618918.4"", ""EPD:Q9Y2F9"", ""ExpressionAtlas:Q9Y2F9"", ""Gene3D:1.25.40.420"", ""Gene3D:2.60.120.820"", ""GeneCards:BTBD3"", ""GeneID:22903"", ""GeneTree:ENSGT00940000156461"", ""Genevisible:Q9Y2F9"", ""GenomeRNAi:22903"", ""GO:GO:0005634"", ""GO:GO:0005829"", ""GO:GO:0021987"", ""GO:GO:0022008"", ""GO:GO:0042802"", ""GO:GO:0048813"", ""HGNC:HGNC:15854"", ""HOGENOM:CLU_015899_2_1_1"", ""HPA:ENSG00000132640"", ""InParanoid:Q9Y2F9"", ""IntAct:Q9Y2F9"", ""InterPro:IPR000210"", ""InterPro:IPR011333"", ""InterPro:IPR011705"", ""InterPro:IPR012983"", ""InterPro:IPR038648"", ""iPTMnet:Q9Y2F9"", ""jPOST:Q9Y2F9"", ""KEGG:hsa:22903"", ""MANE-Select:ENSP00000367471.2"", ""MANE-Select:ENST00000378226.7"", ""MANE-Select:NM_014962.4"", ""MANE-Select:NP_055777.1"", ""MassIVE:Q9Y2F9"", ""MaxQB:Q9Y2F9"", ""MIM:615566"", ""neXtProt:NX_Q9Y2F9"", ""OMA:ELQFACQ"", ""OpenTargets:ENSG00000132640"", ""OrthoDB:354786at2759"", ""PANTHER:PTHR45774"", ""PANTHER:PTHR45774:SF2"", ""PathwayCommons:Q9Y2F9"", ""PaxDb:Q9Y2F9"", ""PeptideAtlas:Q9Y2F9"", ""Pfam:PF00651"", ""Pfam:PF07707"", ""Pfam:PF08005"", ""PharmGKB:PA25440"", ""Pharos:Q9Y2F9"", ""PhosphoSitePlus:Q9Y2F9"", ""PhylomeDB:Q9Y2F9"", ""PRO:PR:Q9Y2F9"", ""PROSITE:PS50097"", ""Proteomes:UP000005640"", ""ProteomicsDB:85754"", ""ProteomicsDB:85755"", ""RefSeq:NM_001282550.1"", ""RefSeq:NM_001282551.1"", ""RefSeq:NM_014962.3"", ""RefSeq:NM_181443.3"", ""RefSeq:NP_001269479.1"", ""RefSeq:NP_001269480.1"", ""RefSeq:NP_055777.1"", ""RefSeq:NP_852108.2"", ""RefSeq:XM_017027728.1"", ""RefSeq:XM_017027729.1"", ""RefSeq:XP_016883217.1"", ""RefSeq:XP_016883218.1"", ""RNAct:Q9Y2F9"", ""SignaLink:Q9Y2F9"", ""SMART:SM00225"", ""SMART:SM00875"", ""SMR:Q9Y2F9"", ""STRING:9606.ENSP00000384545"", ""SUPFAM:SSF54695"", ""TreeFam:TF106482"", ""UCSC:uc002wny.5"", ""VEuPathDB:HostDB:ENSG00000132640""]"
p55212|"[""Q9BQE7""]"|protein|CASP6|Uniprot|https://www.uniprot.org/|"[""AGR:HGNC:1507"", ""AlphaFoldDB:P55212"", ""Antibodypedia:1733"", ""Bgee:ENSG00000138794"", ""BindingDB:P55212"", ""BioGRID-ORCS:839"", ""BioGRID:107289"", ""BioMuta:CASP6"", ""BRENDA:3.4.22.59"", ""CCDS:CCDS3684.1"", ""CCDS:CCDS3685.1"", ""CDD:cd00032"", ""ChEMBL:CHEMBL3308"", ""ChiTaRS:CASP6"", ""ComplexPortal:CPX-971"", ""CTD:839"", ""DIP:DIP-44649N"", ""DisGeNET:839"", ""DMDM:26006981"", ""DNASU:839"", ""eggNOG:KOG3573"", ""ELM:P55212"", ""EMBL:AAC50168.1"", ""EMBL:AAC50169.1"", ""EMBL:AAH00305.1"", ""EMBL:AAH04460.1"", ""EMBL:AAO63494.1"", ""EMBL:AY254046"", ""EMBL:BC000305"", ""EMBL:BC004460"", ""EMBL:U20536"", ""EMBL:U20537"", ""Ensembl:ENSG00000138794.10"", ""Ensembl:ENSP00000265164.2"", ""Ensembl:ENSP00000285333.3"", ""Ensembl:ENST00000265164.7"", ""Ensembl:ENST00000352981.7"", ""EPD:P55212"", ""EvolutionaryTrace:P55212"", ""ExpressionAtlas:P55212"", ""Gene3D:3.40.50.1460"", ""GeneCards:CASP6"", ""GeneID:839"", ""GeneTree:ENSGT00940000155140"", ""Genevisible:P55212"", ""GeneWiki:Caspase_6"", ""GenomeRNAi:839"", ""GlyCosmos:P55212"", ""GlyGen:P55212"", ""GO:GO:0002218"", ""GO:GO:0004197"", ""GO:GO:0005634"", ""GO:GO:0005654"", ""GO:GO:0005730"", ""GO:GO:0005737"", ""GO:GO:0005739"", ""GO:GO:0005829"", ""GO:GO:0006508"", ""GO:GO:0006915"", ""GO:GO:0008234"", ""GO:GO:0008303"", ""GO:GO:0016540"", ""GO:GO:0030855"", ""GO:GO:0042802"", ""GO:GO:0043065"", ""GO:GO:0060545"", ""GO:GO:0070269"", ""GO:GO:0072332"", ""GO:GO:0072734"", ""GO:GO:0097153"", ""GO:GO:0097200"", ""GO:GO:0097202"", ""GO:GO:0097284"", ""GO:GO:1901028"", ""GuidetoPHARMACOLOGY:1622"", ""HGNC:HGNC:1507"", ""HOGENOM:CLU_036904_2_2_1"", ""HPA:ENSG00000138794"", ""InParanoid:P55212"", ""IntAct:P55212"", ""InterPro:IPR001309"", ""InterPro:IPR002138"", ""InterPro:IPR002398"", ""InterPro:IPR011600"", ""InterPro:IPR015917"", ""InterPro:IPR016129"", ""InterPro:IPR029030"", ""InterPro:IPR033139"", ""iPTMnet:P55212"", ""jPOST:P55212"", ""KEGG:hsa:839"", ""MANE-Select:ENSP00000265164.2"", ""MANE-Select:ENST00000265164.7"", ""MANE-Select:NM_001226.4"", ""MANE-Select:NP_001217.2"", ""MassIVE:P55212"", ""MaxQB:P55212"", ""MEROPS:C14.005"", ""MIM:601532"", ""MINT:P55212"", ""neXtProt:NX_P55212"", ""OGP:P55212"", ""OMA:PAEEYRM"", ""OpenTargets:ENSG00000138794"", ""OrthoDB:2873736at2759"", ""PANTHER:PTHR10454"", ""PANTHER:PTHR10454:SF206"", ""PathwayCommons:P55212"", ""PaxDb:P55212"", ""PDB:2WDP"", ""PDB:3K7E"", ""PDB:3NKF"", ""PDB:3NR2"", ""PDB:3OD5"", ""PDB:3P45"", ""PDB:3P4U"", ""PDB:3QNW"", ""PDB:3S70"", ""PDB:3S8E"", ""PDB:3V6L"", ""PDB:3V6M"", ""PDB:4EJF"", ""PDB:4FXO"", ""PDB:4HVA"", ""PDB:4IYR"", ""PDB:4N5D"", ""PDB:4N6G"", ""PDB:4N7J"", ""PDB:4N7M"", ""PDB:4NBK"", ""PDB:4NBL"", ""PDB:4NBN"", ""PDB:6DEU"", ""PDB:6DEV"", ""PDBsum:2WDP"", ""PDBsum:3K7E"", ""PDBsum:3NKF"", ""PDBsum:3NR2"", ""PDBsum:3OD5"", ""PDBsum:3P45"", ""PDBsum:3P4U"", ""PDBsum:3QNW"", ""PDBsum:3S70"", ""PDBsum:3S8E"", ""PDBsum:3V6L"", ""PDBsum:3V6M"", ""PDBsum:4EJF"", ""PDBsum:4FXO"", ""PDBsum:4HVA"", ""PDBsum:4IYR"", ""PDBsum:4N5D"", ""PDBsum:4N6G"", ""PDBsum:4N7J"", ""PDBsum:4N7M"", ""PDBsum:4NBK"", ""PDBsum:4NBL"", ""PDBsum:4NBN"", ""PDBsum:6DEU"", ""PDBsum:6DEV"", ""PeptideAtlas:P55212"", ""Pfam:PF00656"", ""PharmGKB:PA26090"", ""Pharos:P55212"", ""PhosphoSitePlus:P55212"", ""PhylomeDB:P55212"", ""PRINTS:PR00376"", ""PRO:PR:P55212"", ""PROSITE:PS01121"", ""PROSITE:PS01122"", ""PROSITE:PS50207"", ""PROSITE:PS50208"", ""Proteomes:UP000005640"", ""ProteomicsDB:56817"", ""ProteomicsDB:56818"", ""Reactome:R-HSA-111465"", ""Reactome:R-HSA-264870"", ""Reactome:R-HSA-352238"", ""Reactome:R-HSA-6803207"", ""RefSeq:NM_001226.3"", ""RefSeq:NM_032992.2"", ""RefSeq:NP_001217.2"", ""RefSeq:NP_116787.1"", ""RNAct:P55212"", ""SABIO-RK:P55212"", ""SignaLink:P55212"", ""SIGNOR:P55212"", ""SMART:SM00115"", ""SMR:P55212"", ""STRING:9606.ENSP00000265164"", ""SUPFAM:SSF52129"", ""SwissPalm:P55212"", ""TreeFam:TF102023"", ""UCSC:uc003hzn.2"", ""VEuPathDB:HostDB:ENSG00000138794""]"
p06307|P06307|protein|CCKN|Uniprot|https://www.uniprot.org/|"[""AGR:HGNC:1569"", ""AlphaFoldDB:P06307"", ""Antibodypedia:29187"", ""Bgee:ENSG00000187094"", ""BindingDB:P06307"", ""BioGRID-ORCS:885"", ""BioGRID:107327"", ""BioMuta:CCK"", ""CCDS:CCDS2696.1"", ""ChEMBL:CHEMBL1649050"", ""ChiTaRS:CCK"", ""CTD:885"", ""DisGeNET:885"", ""DMDM:115945"", ""DNASU:885"", ""DrugBank:DB13729"", ""eggNOG:ENOG502S472"", ""EMBL:AAA53094.1"", ""EMBL:AAH08283.1"", ""EMBL:AAP35637.1"", ""EMBL:AAR89908.1"", ""EMBL:AY514491"", ""EMBL:BC008283"", ""EMBL:BT006991"", ""EMBL:L00354"", ""Ensembl:ENSG00000187094.12"", ""Ensembl:ENSP00000335657.5"", ""Ensembl:ENSP00000379472.2"", ""Ensembl:ENSP00000409124.1"", ""Ensembl:ENST00000334681.9"", ""Ensembl:ENST00000396169.7"", ""Ensembl:ENST00000434608.1"", ""ExpressionAtlas:P06307"", ""GeneCards:CCK"", ""GeneID:885"", ""GeneTree:ENSGT00390000003571"", ""Genevisible:P06307"", ""GeneWiki:Cholecystokinin"", ""GenomeRNAi:885"", ""GO:GO:0001764"", ""GO:GO:0005179"", ""GO:GO:0005184"", ""GO:GO:0005576"", ""GO:GO:0005615"", ""GO:GO:0007165"", ""GO:GO:0007409"", ""GO:GO:0007586"", ""GO:GO:0030424"", ""GO:GO:0042755"", ""GO:GO:0051428"", ""HGNC:HGNC:1569"", ""HOGENOM:CLU_169783_0_0_1"", ""HPA:ENSG00000187094"", ""InParanoid:P06307"", ""IntAct:P06307"", ""InterPro:IPR001651"", ""InterPro:IPR013152"", ""InterPro:IPR015499"", ""iPTMnet:P06307"", ""KEGG:hsa:885"", ""MANE-Select:ENSP00000379472.2"", ""MANE-Select:ENST00000396169.7"", ""MANE-Select:NM_000729.6"", ""MANE-Select:NP_000720.1"", ""MassIVE:P06307"", ""MIM:118440"", ""neXtProt:NX_P06307"", ""OMA:YSGLCIC"", ""OpenTargets:ENSG00000187094"", ""OrthoDB:5293435at2759"", ""PANTHER:PTHR10786"", ""PANTHER:PTHR10786:SF0"", ""PathwayCommons:P06307"", ""PaxDb:P06307"", ""PDB:7EZH"", ""PDB:7EZK"", ""PDB:7EZM"", ""PDB:7MBX"", ""PDB:7MBY"", ""PDBsum:7EZH"", ""PDBsum:7EZK"", ""PDBsum:7EZM"", ""PDBsum:7MBX"", ""PDBsum:7MBY"", ""PeptideAtlas:P06307"", ""Pfam:PF00918"", ""PharmGKB:PA26141"", ""Pharos:P06307"", ""PhosphoSitePlus:P06307"", ""PhylomeDB:P06307"", ""PIR:A01623"", ""PRO:PR:P06307"", ""PROSITE:PS00259"", ""Proteomes:UP000005640"", ""ProteomicsDB:51882"", ""Reactome:R-HSA-375276"", ""Reactome:R-HSA-416476"", ""RefSeq:NM_000729.5"", ""RefSeq:NM_001174138.2"", ""RefSeq:NP_000720.1"", ""RefSeq:NP_001167609.1"", ""RNAct:P06307"", ""SignaLink:P06307"", ""SIGNOR:P06307"", ""SMART:SM00029"", ""SMR:P06307"", ""STRING:9606.ENSP00000379472"", ""TreeFam:TF333419"", ""VEuPathDB:HostDB:ENSG00000187094""]"
q8n2m8|"[""B4DDT8"", ""F8WAG9"", ""O96026"", ""Q6UW71"", ""Q96DX2""]"|protein|CLASR|Uniprot|https://www.uniprot.org/|"[""AGR:HGNC:17731"", ""AlphaFoldDB:Q8N2M8"", ""Antibodypedia:54055"", ""Bgee:ENSG00000104859"", ""BioGRID-ORCS:11129"", ""BioGRID:116302"", ""BioMuta:CLASRP"", ""CCDS:CCDS12652.2"", ""CCDS:CCDS62710.1"", ""ChiTaRS:CLASRP"", ""CTD:11129"", ""DisGeNET:11129"", ""DMDM:226694202"", ""DNASU:11129"", ""eggNOG:KOG2548"", ""EMBL:AAC82339.1"", ""EMBL:AAC82340.1"", ""EMBL:AAH80554.1"", ""EMBL:AAQ89303.1"", ""EMBL:AC011489"", ""EMBL:AF042800"", ""EMBL:AF042802"", ""EMBL:AF042803"", ""EMBL:AF042804"", ""EMBL:AF042805"", ""EMBL:AF042806"", ""EMBL:AF042807"", ""EMBL:AF042808"", ""EMBL:AF042809"", ""EMBL:AF042810"", ""EMBL:AK293333"", ""EMBL:AY358944"", ""EMBL:BAG56849.1"", ""EMBL:BC080554"", ""Ensembl:ENSG00000104859.15"", ""Ensembl:ENSP00000375814.2"", ""Ensembl:ENSP00000375815.3"", ""Ensembl:ENST00000391952.7"", ""Ensembl:ENST00000391953.8"", ""EPD:Q8N2M8"", ""ExpressionAtlas:Q8N2M8"", ""GeneCards:CLASRP"", ""GeneID:11129"", ""Genevisible:Q8N2M8"", ""GeneWiki:SFRS16"", ""GenomeRNAi:11129"", ""GlyCosmos:Q8N2M8"", ""GlyGen:Q8N2M8"", ""GO:GO:0005654"", ""GO:GO:0006397"", ""GO:GO:0008380"", ""HGNC:HGNC:17731"", ""HPA:ENSG00000104859"", ""InParanoid:Q8N2M8"", ""IntAct:Q8N2M8"", ""InterPro:IPR019147"", ""InterPro:IPR040397"", ""iPTMnet:Q8N2M8"", ""jPOST:Q8N2M8"", ""KEGG:hsa:11129"", ""MassIVE:Q8N2M8"", ""MaxQB:Q8N2M8"", ""MIM:618532"", ""neXtProt:NX_Q8N2M8"", ""OrthoDB:1330734at2759"", ""PANTHER:PTHR13161"", ""PANTHER:PTHR13161:SF4"", ""PathwayCommons:Q8N2M8"", ""PaxDb:Q8N2M8"", ""PeptideAtlas:Q8N2M8"", ""Pfam:PF09750"", ""PharmGKB:PA134961731"", ""Pharos:Q8N2M8"", ""PhosphoSitePlus:Q8N2M8"", ""PhylomeDB:Q8N2M8"", ""PRO:PR:Q8N2M8"", ""Proteomes:UP000005640"", ""ProteomicsDB:30495"", ""ProteomicsDB:71717"", ""ProteomicsDB:71718"", ""RefSeq:NM_001278439.1"", ""RefSeq:NM_007056.2"", ""RefSeq:NP_001265368.1"", ""RefSeq:NP_008987.2"", ""RNAct:Q8N2M8"", ""SignaLink:Q8N2M8"", ""SMART:SM01141"", ""SMR:Q8N2M8"", ""STRING:9606.ENSP00000221455"", ""TreeFam:TF351621"", ""UCSC:uc010xxh.3"", ""VEuPathDB:HostDB:ENSG00000104859""]"
q8ni60|"[""Q5T7A5"", ""Q63HK0"", ""Q8NCJ6"", ""Q9HBQ1"", ""Q9NQ67""]"|protein|COQ8A|Uniprot|https://www.uniprot.org/|"[""AGR:HGNC:16812"", ""AlphaFoldDB:Q8NI60"", ""Antibodypedia:20768"", ""Bgee:ENSG00000163050"", ""BindingDB:Q8NI60"", ""BioGRID-ORCS:56997"", ""BioGRID:121312"", ""BioMuta:COQ8A"", ""CCDS:CCDS1557.1"", ""CDD:cd13970"", ""ChEMBL:CHEMBL5550"", ""ChiTaRS:COQ8A"", ""CTD:56997"", ""DisGeNET:56997"", ""DMDM:27923741"", ""DNASU:56997"", ""DrugBank:DB12010"", ""DrugCentral:Q8NI60"", ""eggNOG:KOG1234"", ""EMBL:AAG17245.1"", ""EMBL:AAH05171.2"", ""EMBL:AB073905"", ""EMBL:AF218003"", ""EMBL:AJ278126"", ""EMBL:AK074693"", ""EMBL:AL353689"", ""EMBL:BAB91363.1"", ""EMBL:BAC11143.1"", ""EMBL:BC005171"", ""EMBL:BX648860"", ""EMBL:CAC00482.1"", ""EMBL:CAH56132.1"", ""Ensembl:ENSG00000163050.18"", ""Ensembl:ENSP00000355739.3"", ""Ensembl:ENSP00000355740.1"", ""Ensembl:ENST00000366777.4"", ""Ensembl:ENST00000366778.5"", ""EPD:Q8NI60"", ""GeneCards:COQ8A"", ""GeneID:56997"", ""GeneReviews:COQ8A"", ""GeneTree:ENSGT00940000156810"", ""Genevisible:Q8NI60"", ""GeneWiki:CABC1"", ""GenomeRNAi:56997"", ""GO:GO:0005524"", ""GO:GO:0005739"", ""GO:GO:0006744"", ""GO:GO:0016301"", ""GO:GO:0016310"", ""GO:GO:0031314"", ""GO:GO:0043531"", ""HGNC:HGNC:16812"", ""HOGENOM:CLU_006533_9_1_1"", ""HPA:ENSG00000163050"", ""InParanoid:Q8NI60"", ""IntAct:Q8NI60"", ""InterPro:IPR004147"", ""InterPro:IPR011009"", ""InterPro:IPR034646"", ""iPTMnet:Q8NI60"", ""jPOST:Q8NI60"", ""KEGG:hsa:56997"", ""MalaCards:COQ8A"", ""MANE-Select:ENSP00000355739.3"", ""MANE-Select:ENST00000366777.4"", ""MANE-Select:NM_020247.5"", ""MANE-Select:NP_064632.2"", ""MassIVE:Q8NI60"", ""MaxQB:Q8NI60"", ""MIM:606980"", ""MIM:612016"", ""MINT:Q8NI60"", ""neXtProt:NX_Q8NI60"", ""OMA:QVERVMN"", ""OpenTargets:ENSG00000163050"", ""Orphanet:139485"", ""OrthoDB:668390at2759"", ""PANTHER:PTHR43851"", ""PANTHER:PTHR43851:SF1"", ""PathwayCommons:Q8NI60"", ""PaxDb:Q8NI60"", ""PDB:4PED"", ""PDB:5I35"", ""PDBsum:4PED"", ""PDBsum:5I35"", ""PeptideAtlas:Q8NI60"", ""Pfam:PF03109"", ""PharmGKB:PA25999"", ""Pharos:Q8NI60"", ""PhosphoSitePlus:Q8NI60"", ""PhylomeDB:Q8NI60"", ""PRO:PR:Q8NI60"", ""Proteomes:UP000005640"", ""ProteomicsDB:73833"", ""ProteomicsDB:73834"", ""ProteomicsDB:73835"", ""ProteomicsDB:73836"", ""RefSeq:NM_020247.4"", ""RefSeq:NP_064632.2"", ""RefSeq:XM_005273201.1"", ""RefSeq:XM_011544238.1"", ""RefSeq:XM_011544239.2"", ""RefSeq:XM_011544240.2"", ""RefSeq:XM_011544241.2"", ""RefSeq:XM_017001852.1"", ""RefSeq:XP_005273258.1"", ""RefSeq:XP_011542540.1"", ""RefSeq:XP_011542541.1"", ""RefSeq:XP_011542542.1"", ""RefSeq:XP_011542543.1"", ""RefSeq:XP_016857341.1"", ""RNAct:Q8NI60"", ""SignaLink:Q8NI60"", ""SMR:Q8NI60"", ""STRING:9606.ENSP00000355741"", ""SUPFAM:SSF56112"", ""SwissPalm:Q8NI60"", ""TreeFam:TF300630"", ""UCSC:uc001hqm.2"", ""UniPathway:UPA00232"", ""VEuPathDB:HostDB:ENSG00000163050"", ""VEuPathDB:HostDB:ENSG00000288674""]"
p78504|"[""A0AV43"", ""B4DYR1"", ""E9PCF9"", ""O14902"", ""O15122"", ""Q15816""]"|protein|JAG1|Uniprot|https://www.uniprot.org/|"[""ABCD:P78504"", ""AGR:HGNC:6188"", ""AlphaFoldDB:P78504"", ""Antibodypedia:4153"", ""Bgee:ENSG00000101384"", ""BioGRID-ORCS:182"", ""BioGRID:106689"", ""BioMuta:JAG1"", ""BMRB:P78504"", ""CCDS:CCDS13112.1"", ""CDD:cd00054"", ""ChEMBL:CHEMBL3217396"", ""ChiTaRS:JAG1"", ""CTD:182"", ""DIP:DIP-46371N"", ""DisGeNET:182"", ""DisProt:DP00418"", ""DMDM:20455033"", ""DNASU:182"", ""eggNOG:KOG1217"", ""EMBL:AAB39007.1"", ""EMBL:AAB84053.1"", ""EMBL:AAC51323.1"", ""EMBL:AAC51731.1"", ""EMBL:AAC52020.1"", ""EMBL:AAI26206.1"", ""EMBL:AAI26208.1"", ""EMBL:AF003837"", ""EMBL:AF028593"", ""EMBL:AK302554"", ""EMBL:AL035456"", ""EMBL:BAG63823.1"", ""EMBL:BC126205"", ""EMBL:BC126207"", ""EMBL:U61276"", ""EMBL:U73936"", ""EMBL:U77720"", ""Ensembl:ENSG00000101384.12"", ""Ensembl:ENSP00000254958.4"", ""Ensembl:ENST00000254958.10"", ""EPD:P78504"", ""EvolutionaryTrace:P78504"", ""ExpressionAtlas:P78504"", ""Gene3D:2.10.25.10"", ""Gene3D:2.10.25.140"", ""Gene3D:2.60.40.3510"", ""GeneCards:JAG1"", ""GeneID:182"", ""GeneReviews:JAG1"", ""GeneTree:ENSGT00940000160148"", ""Genevisible:P78504"", ""GeneWiki:JAG1"", ""GenomeRNAi:182"", ""GlyCosmos:P78504"", ""GlyGen:P78504"", ""GO:GO:0001525"", ""GO:GO:0001709"", ""GO:GO:0001953"", ""GO:GO:0001974"", ""GO:GO:0002011"", ""GO:GO:0002085"", ""GO:GO:0002456"", ""GO:GO:0003180"", ""GO:GO:0003184"", ""GO:GO:0003215"", ""GO:GO:0005112"", ""GO:GO:0005198"", ""GO:GO:0005509"", ""GO:GO:0005543"", ""GO:GO:0005576"", ""GO:GO:0005886"", ""GO:GO:0005912"", ""GO:GO:0007219"", ""GO:GO:0007399"", ""GO:GO:0008083"", ""GO:GO:0016020"", ""GO:GO:0016324"", ""GO:GO:0022408"", ""GO:GO:0030097"", ""GO:GO:0030216"", ""GO:GO:0030336"", ""GO:GO:0032495"", ""GO:GO:0035909"", ""GO:GO:0042127"", ""GO:GO:0042491"", ""GO:GO:0045445"", ""GO:GO:0045446"", ""GO:GO:0045599"", ""GO:GO:0045602"", ""GO:GO:0045639"", ""GO:GO:0045665"", ""GO:GO:0045669"", ""GO:GO:0045747"", ""GO:GO:0045944"", ""GO:GO:0050678"", ""GO:GO:0060090"", ""GO:GO:0060411"", ""GO:GO:0061073"", ""GO:GO:0061101"", ""GO:GO:0061156"", ""GO:GO:0061309"", ""GO:GO:0061314"", ""GO:GO:0061444"", ""GO:GO:0062043"", ""GO:GO:0072006"", ""GO:GO:0072015"", ""GO:GO:0072017"", ""GO:GO:0072070"", ""GO:GO:0097150"", ""GO:GO:2000241"", ""GO:GO:2000737"", ""HGNC:HGNC:6188"", ""HOGENOM:CLU_004732_0_0_1"", ""HPA:ENSG00000101384"", ""IDEAL:IID00203"", ""InParanoid:P78504"", ""IntAct:P78504"", ""InterPro:IPR000152"", ""InterPro:IPR000742"", ""InterPro:IPR001007"", ""InterPro:IPR001774"", ""InterPro:IPR001881"", ""InterPro:IPR009030"", ""InterPro:IPR011651"", ""InterPro:IPR013032"", ""InterPro:IPR018097"", ""InterPro:IPR026219"", ""iPTMnet:P78504"", ""jPOST:P78504"", ""KEGG:hsa:182"", ""MalaCards:JAG1"", ""MANE-Select:ENSP00000254958.4"", ""MANE-Select:ENST00000254958.10"", ""MANE-Select:NM_000214.3"", ""MANE-Select:NP_000205.1"", ""MassIVE:P78504"", ""MaxQB:P78504"", ""MIM:118450"", ""MIM:187500"", ""MIM:601920"", ""MIM:617992"", ""MIM:619574"", ""MINT:P78504"", ""neXtProt:NX_P78504"", ""OMA:GWGGVTC"", ""OpenTargets:ENSG00000101384"", ""Orphanet:261600"", ""Orphanet:261619"", ""Orphanet:3303"", ""OrthoDB:5475408at2759"", ""PANTHER:PTHR12916"", ""PANTHER:PTHR12916:SF4"", ""PathwayCommons:P78504"", ""PaxDb:P78504"", ""PDB:2KB9"", ""PDB:2VJ2"", ""PDB:4CBZ"", ""PDB:4CC0"", ""PDB:4CC1"", ""PDB:4XI7"", ""PDB:5BO1"", ""PDBsum:2KB9"", ""PDBsum:2VJ2"", ""PDBsum:4CBZ"", ""PDBsum:4CC0"", ""PDBsum:4CC1"", ""PDBsum:4XI7"", ""PDBsum:5BO1"", ""PeptideAtlas:P78504"", ""Pfam:PF00008"", ""Pfam:PF01414"", ""Pfam:PF07645"", ""Pfam:PF07657"", ""Pfam:PF12661"", ""PharmGKB:PA29986"", ""Pharos:P78504"", ""PhosphoSitePlus:P78504"", ""PhylomeDB:P78504"", ""PRINTS:PR00010"", ""PRINTS:PR02059"", ""PRO:PR:P78504"", ""PROSITE:PS00010"", ""PROSITE:PS00022"", ""PROSITE:PS01186"", ""PROSITE:PS01187"", ""PROSITE:PS50026"", ""PROSITE:PS51051"", ""Proteomes:UP000005640"", ""ProteomicsDB:5543"", ""ProteomicsDB:57626"", ""Reactome:R-HSA-2122948"", ""Reactome:R-HSA-2644606"", ""Reactome:R-HSA-2660826"", ""Reactome:R-HSA-2691232"", ""Reactome:R-HSA-2894862"", ""Reactome:R-HSA-2979096"", ""Reactome:R-HSA-8941856"", ""Reactome:R-HSA-9013149"", ""Reactome:R-HSA-9013423"", ""Reactome:R-HSA-9013507"", ""Reactome:R-HSA-9013700"", ""RefSeq:NM_000214.2"", ""RefSeq:NP_000205.1"", ""RefSeq:XM_017027707.1"", ""RefSeq:XP_016883196.1"", ""RNAct:P78504"", ""SignaLink:P78504"", ""SIGNOR:P78504"", ""SMART:SM00051"", ""SMART:SM00179"", ""SMART:SM00181"", ""SMART:SM00214"", ""SMART:SM00215"", ""SMR:P78504"", ""STRING:9606.ENSP00000254958"", ""SUPFAM:SSF57184"", ""SUPFAM:SSF57196"", ""SUPFAM:SSF57603"", ""SwissPalm:P78504"", ""TreeFam:TF351835"", ""UCSC:uc002wnw.3"", ""VEuPathDB:HostDB:ENSG00000101384""]"
p13473|"[""A8K4X5"", ""D3DTF0"", ""Q16641"", ""Q6Q3G8"", ""Q96J30"", ""Q99534"", ""Q9UD93""]"|protein|LAMP2|Uniprot|https://www.uniprot.org/|"[""AGR:HGNC:6501"", ""AlphaFoldDB:P13473"", ""Antibodypedia:3938"", ""Bgee:ENSG00000005893"", ""BioGRID-ORCS:3920"", ""BioGRID:110114"", ""BioMuta:LAMP2"", ""BMRB:P13473"", ""CCDS:CCDS14599.1"", ""CCDS:CCDS14600.1"", ""CCDS:CCDS48159.1"", ""ChiTaRS:LAMP2"", ""CPTAC:CPTAC-1494"", ""CPTAC:CPTAC-689"", ""CTD:3920"", ""DisGeNET:3920"", ""DMDM:1708854"", ""DNASU:3920"", ""eggNOG:KOG4818"", ""EMBL:AAA60383.1"", ""EMBL:AAA91149.1"", ""EMBL:AAB35426.1"", ""EMBL:AAB41647.1"", ""EMBL:AAB67313.1"", ""EMBL:AAB67314.1"", ""EMBL:AAH02965.1"", ""EMBL:AAS67876.1"", ""EMBL:AC002476"", ""EMBL:AK291090"", ""EMBL:AY561849"", ""EMBL:BAF83779.1"", ""EMBL:BC002965"", ""EMBL:CAA54416.1"", ""EMBL:CH471107"", ""EMBL:EAX11881.1"", ""EMBL:EAX11882.1"", ""EMBL:EAX11883.1"", ""EMBL:EAX11884.1"", ""EMBL:J04183"", ""EMBL:L09709"", ""EMBL:L09710"", ""EMBL:L09711"", ""EMBL:L09712"", ""EMBL:L09713"", ""EMBL:L09714"", ""EMBL:L09715"", ""EMBL:L09716"", ""EMBL:L09717"", ""EMBL:S79873"", ""EMBL:U36336"", ""EMBL:X77196"", ""Ensembl:ENSG00000005893.16"", ""Ensembl:ENSP00000200639.4"", ""Ensembl:ENSP00000360386.4"", ""Ensembl:ENSP00000408411.2"", ""Ensembl:ENST00000200639.9"", ""Ensembl:ENST00000371335.4"", ""Ensembl:ENST00000434600.6"", ""EPD:P13473"", ""ExpressionAtlas:P13473"", ""Gene3D:2.40.160.110"", ""GeneCards:LAMP2"", ""GeneID:3920"", ""GeneReviews:LAMP2"", ""GeneTree:ENSGT00950000182899"", ""Genevisible:P13473"", ""GeneWiki:LAMP2"", ""GenomeRNAi:3920"", ""GlyConnect:356"", ""GlyCosmos:P13473"", ""GlyGen:P13473"", ""GO:GO:0000421"", ""GO:GO:0005615"", ""GO:GO:0005764"", ""GO:GO:0005765"", ""GO:GO:0005770"", ""GO:GO:0005802"", ""GO:GO:0005886"", ""GO:GO:0006605"", ""GO:GO:0009267"", ""GO:GO:0016020"", ""GO:GO:0017038"", ""GO:GO:0019899"", ""GO:GO:0019904"", ""GO:GO:0030670"", ""GO:GO:0031088"", ""GO:GO:0031333"", ""GO:GO:0031647"", ""GO:GO:0031902"", ""GO:GO:0035577"", ""GO:GO:0043202"", ""GO:GO:0043231"", ""GO:GO:0044754"", ""GO:GO:0046716"", ""GO:GO:0048471"", ""GO:GO:0050821"", ""GO:GO:0061684"", ""GO:GO:0061740"", ""GO:GO:0061742"", ""GO:GO:0070062"", ""GO:GO:0072594"", ""GO:GO:0097352"", ""GO:GO:0101003"", ""GO:GO:1905146"", ""HGNC:HGNC:6501"", ""HOGENOM:CLU_055379_2_0_1"", ""HPA:ENSG00000005893"", ""InParanoid:P13473"", ""IntAct:P13473"", ""InterPro:IPR002000"", ""InterPro:IPR018134"", ""iPTMnet:P13473"", ""jPOST:P13473"", ""KEGG:hsa:3920"", ""MalaCards:LAMP2"", ""MANE-Select:ENSP00000200639.4"", ""MANE-Select:ENST00000200639.9"", ""MANE-Select:NM_002294.3"", ""MANE-Select:NP_002285.1"", ""MassIVE:P13473"", ""MaxQB:P13473"", ""MIM:300257"", ""MIM:309060"", ""MINT:P13473"", ""neXtProt:NX_P13473"", ""OMA:NMATGYE"", ""OpenTargets:ENSG00000005893"", ""Orphanet:34587"", ""OrthoDB:5317371at2759"", ""PANTHER:PTHR11506"", ""PANTHER:PTHR11506:SF6"", ""PathwayCommons:P13473"", ""PDB:2MOF"", ""PDB:2MOM"", ""PDBsum:2MOF"", ""PDBsum:2MOM"", ""PeptideAtlas:P13473"", ""Pfam:PF01299"", ""PharmGKB:PA30285"", ""Pharos:P13473"", ""PhosphoSitePlus:P13473"", ""PhylomeDB:P13473"", ""PIR:JC2414"", ""PIR:JC4317"", ""PRINTS:PR00336"", ""PRO:PR:P13473"", ""PROSITE:PS00310"", ""PROSITE:PS00311"", ""PROSITE:PS51407"", ""Proteomes:UP000005640"", ""ProteomicsDB:52910"", ""ProteomicsDB:52911"", ""ProteomicsDB:52912"", ""Reactome:R-HSA-114608"", ""Reactome:R-HSA-6798695"", ""Reactome:R-HSA-9613829"", ""RefSeq:NM_001122606.1"", ""RefSeq:NM_002294.2"", ""RefSeq:NM_013995.2"", ""RefSeq:NP_001116078.1"", ""RefSeq:NP_002285.1"", ""RefSeq:NP_054701.1"", ""RNAct:P13473"", ""SignaLink:P13473"", ""SIGNOR:P13473"", ""SMR:P13473"", ""STRING:9606.ENSP00000408411"", ""SwissPalm:P13473"", ""TCDB:9.A.16.1.2"", ""TreeFam:TF316339"", ""UCSC:uc004ess.5"", ""VEuPathDB:HostDB:ENSG00000005893""]"
q9npj1|"[""A8K7B0"", ""D3DW18""]"|protein|MKKS|Uniprot|https://www.uniprot.org/|"[""AGR:HGNC:7108"", ""AlphaFoldDB:Q9NPJ1"", ""Antibodypedia:24160"", ""Bgee:ENSG00000125863"", ""BioGRID-ORCS:8195"", ""BioGRID:113837"", ""BioMuta:MKKS"", ""CCDS:CCDS13111.1"", ""ChiTaRS:MKKS"", ""CORUM:Q9NPJ1"", ""CTD:8195"", ""DIP:DIP-60349N"", ""DisGeNET:8195"", ""DMDM:11133565"", ""DNASU:8195"", ""eggNOG:KOG0360"", ""EMBL:AAF73872.1"", ""EMBL:AAF73873.1"", ""EMBL:AF221992"", ""EMBL:AF221993"", ""EMBL:AK291925"", ""EMBL:AL034430"", ""EMBL:AL157427"", ""EMBL:BAF84614.1"", ""EMBL:CAB75652.1"", ""EMBL:CH471133"", ""EMBL:EAX10344.1"", ""EMBL:EAX10345.1"", ""Ensembl:ENSG00000125863.20"", ""Ensembl:ENSP00000246062.4"", ""Ensembl:ENSP00000382008.2"", ""Ensembl:ENSP00000498849.1"", ""Ensembl:ENST00000347364.7"", ""Ensembl:ENST00000399054.6"", ""Ensembl:ENST00000651692.1"", ""EPD:Q9NPJ1"", ""Gene3D:1.10.560.10"", ""Gene3D:3.30.260.10"", ""Gene3D:3.50.7.10"", ""GeneCards:MKKS"", ""GeneID:8195"", ""GeneReviews:MKKS"", ""GeneTree:ENSGT00390000007214"", ""Genevisible:Q9NPJ1"", ""GeneWiki:MKKS"", ""GenomeRNAi:8195"", ""GO:GO:0001947"", ""GO:GO:0005524"", ""GO:GO:0005634"", ""GO:GO:0005737"", ""GO:GO:0005813"", ""GO:GO:0005829"", ""GO:GO:0006457"", ""GO:GO:0007286"", ""GO:GO:0007368"", ""GO:GO:0007507"", ""GO:GO:0007601"", ""GO:GO:0007608"", ""GO:GO:0008406"", ""GO:GO:0010467"", ""GO:GO:0010629"", ""GO:GO:0014824"", ""GO:GO:0021756"", ""GO:GO:0021766"", ""GO:GO:0021987"", ""GO:GO:0030837"", ""GO:GO:0031514"", ""GO:GO:0032402"", ""GO:GO:0032502"", ""GO:GO:0034260"", ""GO:GO:0035176"", ""GO:GO:0038108"", ""GO:GO:0040018"", ""GO:GO:0042311"", ""GO:GO:0045444"", ""GO:GO:0045494"", ""GO:GO:0045776"", ""GO:GO:0046907"", ""GO:GO:0048854"", ""GO:GO:0050910"", ""GO:GO:0051082"", ""GO:GO:0051131"", ""GO:GO:0051216"", ""GO:GO:0051492"", ""GO:GO:0051877"", ""GO:GO:0060027"", ""GO:GO:0060271"", ""GO:GO:0060296"", ""GO:GO:0060324"", ""GO:GO:0061629"", ""GO:GO:1902636"", ""GO:GO:1905515"", ""HGNC:HGNC:7108"", ""HOGENOM:CLU_478131_0_0_1"", ""HPA:ENSG00000125863"", ""InParanoid:Q9NPJ1"", ""IntAct:Q9NPJ1"", ""InterPro:IPR002423"", ""InterPro:IPR027409"", ""InterPro:IPR027410"", ""InterPro:IPR027413"", ""InterPro:IPR028790"", ""iPTMnet:Q9NPJ1"", ""KEGG:hsa:8195"", ""MalaCards:MKKS"", ""MANE-Select:ENSP00000246062.4"", ""MANE-Select:ENST00000347364.7"", ""MANE-Select:NM_170784.3"", ""MANE-Select:NP_740754.1"", ""MassIVE:Q9NPJ1"", ""MIM:236700"", ""MIM:604896"", ""MIM:605231"", ""neXtProt:NX_Q9NPJ1"", ""OMA:FVCQKVI"", ""OpenTargets:ENSG00000125863"", ""Orphanet:110"", ""Orphanet:2473"", ""OrthoDB:3019878at2759"", ""PANTHER:PTHR46787"", ""PANTHER:PTHR46787:SF1"", ""PathwayCommons:Q9NPJ1"", ""PaxDb:Q9NPJ1"", ""PeptideAtlas:Q9NPJ1"", ""Pfam:PF00118"", ""PharmGKB:PA30826"", ""Pharos:Q9NPJ1"", ""PhosphoSitePlus:Q9NPJ1"", ""PhylomeDB:Q9NPJ1"", ""PIR:T46911"", ""PRO:PR:Q9NPJ1"", ""Proteomes:UP000005640"", ""ProteomicsDB:82024"", ""Reactome:R-HSA-5620922"", ""RefSeq:NM_018848.3"", ""RefSeq:NM_170784.2"", ""RefSeq:NP_061336.1"", ""RefSeq:NP_740754.1"", ""RNAct:Q9NPJ1"", ""SignaLink:Q9NPJ1"", ""SMR:Q9NPJ1"", ""STRING:9606.ENSP00000246062"", ""SUPFAM:SSF48592"", ""SUPFAM:SSF52029"", ""TreeFam:TF329106"", ""UCSC:uc002wnt.3"", ""VEuPathDB:HostDB:ENSG00000125863""]"
q9p286|"[""A8K5T6"", ""D3DW14"", ""Q5W115"", ""Q8TB93"", ""Q9BX09"", ""Q9ULF6""]"|protein|PAK5|Uniprot|https://www.uniprot.org/|"[""AGR:HGNC:15916"", ""AlphaFoldDB:Q9P286"", ""Antibodypedia:8792"", ""Bgee:ENSG00000101349"", ""BindingDB:Q9P286"", ""BioGRID-ORCS:57144"", ""BioGRID:121402"", ""BioMuta:PAK5"", ""BRENDA:2.7.11.1"", ""BRENDA:2.7.12.2"", ""CCDS:CCDS13107.1"", ""CDD:cd01093"", ""CDD:cd06658"", ""ChEMBL:CHEMBL4524"", ""ChiTaRS:PAK5"", ""CTD:57144"", ""DisGeNET:57144"", ""DMDM:12585290"", ""DNASU:57144"", ""DrugBank:DB12010"", ""DrugCentral:Q9P286"", ""eggNOG:KOG0578"", ""EMBL:AAH24179.1"", ""EMBL:AB033090"", ""EMBL:AB040812"", ""EMBL:AK291401"", ""EMBL:AL031652"", ""EMBL:AL135935"", ""EMBL:AL353612"", ""EMBL:BAA86578.1"", ""EMBL:BAA94194.1"", ""EMBL:BAF84090.1"", ""EMBL:BC024179"", ""EMBL:CH471133"", ""EMBL:EAX10358.1"", ""EMBL:EAX10359.1"", ""EMBL:EAX10360.1"", ""Ensembl:ENSG00000101349.17"", ""Ensembl:ENSP00000322957.5"", ""Ensembl:ENSP00000367679.1"", ""Ensembl:ENSP00000367686.3"", ""Ensembl:ENST00000353224.10"", ""Ensembl:ENST00000378423.5"", ""Ensembl:ENST00000378429.3"", ""EPD:Q9P286"", ""EvolutionaryTrace:Q9P286"", ""Gene3D:1.10.510.10"", ""Gene3D:3.90.810.10"", ""GeneCards:PAK5"", ""GeneID:57144"", ""GeneTree:ENSGT00940000158656"", ""Genevisible:Q9P286"", ""GeneWiki:PAK7"", ""GenomeRNAi:57144"", ""GO:GO:0001558"", ""GO:GO:0004674"", ""GO:GO:0005524"", ""GO:GO:0005654"", ""GO:GO:0005737"", ""GO:GO:0005739"", ""GO:GO:0005829"", ""GO:GO:0005886"", ""GO:GO:0006468"", ""GO:GO:0006915"", ""GO:GO:0007010"", ""GO:GO:0007165"", ""GO:GO:0007612"", ""GO:GO:0007613"", ""GO:GO:0007626"", ""GO:GO:0008283"", ""GO:GO:0016477"", ""GO:GO:0035556"", ""GO:GO:0043408"", ""GO:GO:0045202"", ""GO:GO:0106310"", ""GO:GO:2001237"", ""GuidetoPHARMACOLOGY:2138"", ""HGNC:HGNC:15916"", ""HOGENOM:CLU_000288_26_6_1"", ""HPA:ENSG00000101349"", ""InParanoid:Q9P286"", ""IntAct:Q9P286"", ""InterPro:IPR000095"", ""InterPro:IPR000719"", ""InterPro:IPR011009"", ""InterPro:IPR017441"", ""InterPro:IPR028754"", ""InterPro:IPR033923"", ""InterPro:IPR036936"", ""iPTMnet:Q9P286"", ""jPOST:Q9P286"", ""KEGG:hsa:57144"", ""MANE-Select:ENSP00000322957.5"", ""MANE-Select:ENST00000353224.10"", ""MANE-Select:NM_177990.4"", ""MANE-Select:NP_817127.1"", ""MassIVE:Q9P286"", ""MaxQB:Q9P286"", ""MIM:608038"", ""MINT:Q9P286"", ""neXtProt:NX_Q9P286"", ""OMA:VDYHAHL"", ""OpenTargets:ENSG00000101349"", ""OrthoDB:460351at2759"", ""PANTHER:PTHR48015"", ""PANTHER:PTHR48015:SF27"", ""PathwayCommons:Q9P286"", ""PaxDb:Q9P286"", ""PDB:2F57"", ""PDBsum:2F57"", ""PeptideAtlas:Q9P286"", ""Pfam:PF00069"", ""Pfam:PF00786"", ""PharmGKB:PA32922"", ""Pharos:Q9P286"", ""PhosphoSitePlus:Q9P286"", ""PhylomeDB:Q9P286"", ""PRO:PR:Q9P286"", ""PROSITE:PS00107"", ""PROSITE:PS50011"", ""PROSITE:PS50108"", ""Proteomes:UP000005640"", ""ProteomicsDB:83751"", ""Reactome:R-HSA-428540"", ""Reactome:R-HSA-9013148"", ""Reactome:R-HSA-9013149"", ""Reactome:R-HSA-9013405"", ""Reactome:R-HSA-9013407"", ""RefSeq:NM_020341.3"", ""RefSeq:NM_177990.2"", ""RefSeq:NP_065074.1"", ""RefSeq:NP_817127.1"", ""RefSeq:XM_017027960.1"", ""RefSeq:XM_017027961.1"", ""RefSeq:XM_017027962.1"", ""RefSeq:XM_017027963.1"", ""RefSeq:XM_017027964.1"", ""RefSeq:XM_017027965.1"", ""RefSeq:XP_016883449.1"", ""RefSeq:XP_016883450.1"", ""RefSeq:XP_016883451.1"", ""RefSeq:XP_016883452.1"", ""RefSeq:XP_016883453.1"", ""RefSeq:XP_016883454.1"", ""RNAct:Q9P286"", ""SignaLink:Q9P286"", ""SIGNOR:Q9P286"", ""SMART:SM00285"", ""SMR:Q9P286"", ""STRING:9606.ENSP00000367686"", ""SUPFAM:SSF56112"", ""TreeFam:TF105352"", ""UCSC:uc002wnj.3"", ""VEuPathDB:HostDB:ENSG00000101349""]"
p07237|"[""B2RDQ2"", ""P30037"", ""P32079"", ""Q15205"", ""Q6LDE5""]"|protein|PDIA1|Uniprot|https://www.uniprot.org/|"[""AGR:HGNC:8548"", ""AlphaFoldDB:P07237"", ""Antibodypedia:3250"", ""Bgee:ENSG00000185624"", ""BindingDB:P07237"", ""BioCyc:MetaCyc:HS06845-MON"", ""BioGRID-ORCS:5034"", ""BioGRID:111073"", ""BioMuta:P4HB"", ""BMRB:P07237"", ""BRENDA:5.3.4.1"", ""CCDS:CCDS11787.1"", ""CDD:cd02961"", ""CDD:cd02981"", ""CDD:cd02982"", ""CDD:cd02995"", ""ChEMBL:CHEMBL5422"", ""ChiTaRS:P4HB"", ""CORUM:P07237"", ""CTD:5034"", ""DIP:DIP-32979N"", ""DisGeNET:5034"", ""DisProt:DP02637"", ""DMDM:2507460"", ""DNASU:5034"", ""DOSAC-COBS-2DPAGE:P07237"", ""DrugBank:DB01593"", ""DrugBank:DB03615"", ""DrugBank:DB09130"", ""DrugBank:DB11638"", ""DrugBank:DB14487"", ""DrugBank:DB14533"", ""DrugBank:DB14548"", ""eggNOG:KOG0190"", ""EMBL:AAA61169.1"", ""EMBL:AAB22262.2"", ""EMBL:AAC13652.1"", ""EMBL:AAH10859.1"", ""EMBL:AAH29617.1"", ""EMBL:AAH71892.1"", ""EMBL:AK315631"", ""EMBL:BAG37999.1"", ""EMBL:BC010859"", ""EMBL:BC029617"", ""EMBL:BC071892"", ""EMBL:CAA28775.1"", ""EMBL:CAA30112.1"", ""EMBL:CH471099"", ""EMBL:EAW89690.1"", ""EMBL:J02783"", ""EMBL:M22803"", ""EMBL:M22804"", ""EMBL:M22805"", ""EMBL:M22806"", ""EMBL:S37207"", ""EMBL:X05130"", ""EMBL:X07077"", ""Ensembl:ENSG00000185624.16"", ""Ensembl:ENSP00000327801.4"", ""Ensembl:ENST00000331483.9"", ""EPD:P07237"", ""EvolutionaryTrace:P07237"", ""ExpressionAtlas:P07237"", ""Gene3D:3.40.30.10"", ""GeneCards:P4HB"", ""GeneID:5034"", ""GeneTree:ENSGT00940000157351"", ""Genevisible:P07237"", ""GeneWiki:P4HB"", ""GenomeRNAi:5034"", ""GlyGen:P07237"", ""GO:GO:0003723"", ""GO:GO:0003756"", ""GO:GO:0003779"", ""GO:GO:0004656"", ""GO:GO:0005178"", ""GO:GO:0005576"", ""GO:GO:0005783"", ""GO:GO:0005788"", ""GO:GO:0005793"", ""GO:GO:0005829"", ""GO:GO:0005856"", ""GO:GO:0005925"", ""GO:GO:0006457"", ""GO:GO:0006888"", ""GO:GO:0009897"", ""GO:GO:0015035"", ""GO:GO:0016222"", ""GO:GO:0016972"", ""GO:GO:0018401"", ""GO:GO:0019899"", ""GO:GO:0030027"", ""GO:GO:0030070"", ""GO:GO:0032991"", ""GO:GO:0034663"", ""GO:GO:0034975"", ""GO:GO:0034976"", ""GO:GO:0035722"", ""GO:GO:0038155"", ""GO:GO:0042470"", ""GO:GO:0045785"", ""GO:GO:0046598"", ""GO:GO:0046982"", ""GO:GO:0070062"", ""GO:GO:0071456"", ""GO:GO:0098761"", ""GO:GO:1900026"", ""GO:GO:1902175"", ""HGNC:HGNC:8548"", ""HPA:ENSG00000185624"", ""InParanoid:P07237"", ""IntAct:P07237"", ""InterPro:IPR005788"", ""InterPro:IPR005792"", ""InterPro:IPR013766"", ""InterPro:IPR017937"", ""InterPro:IPR036249"", ""iPTMnet:P07237"", ""jPOST:P07237"", ""KEGG:hsa:5034"", ""MalaCards:P4HB"", ""MANE-Select:ENSP00000327801.4"", ""MANE-Select:ENST00000331483.9"", ""MANE-Select:NM_000918.4"", ""MANE-Select:NP_000909.2"", ""MassIVE:P07237"", ""MaxQB:P07237"", ""MetOSite:P07237"", ""MIM:112240"", ""MIM:176790"", ""MINT:P07237"", ""neXtProt:NX_P07237"", ""OGP:P07237"", ""OMA:FCDRFLE"", ""OpenTargets:ENSG00000185624"", ""Orphanet:2050"", ""Orphanet:216796"", ""OrthoDB:5399045at2759"", ""PANTHER:PTHR18929"", ""PANTHER:PTHR18929:SF101"", ""PathwayCommons:P07237"", ""PaxDb:P07237"", ""PDB:1BJX"", ""PDB:1MEK"", ""PDB:1X5C"", ""PDB:2BJX"", ""PDB:2K18"", ""PDB:3BJ5"", ""PDB:3UEM"", ""PDB:4EKZ"", ""PDB:4EL1"", ""PDB:4JU5"", ""PDB:6I7S"", ""PDB:7ZSC"", ""PDBsum:1BJX"", ""PDBsum:1MEK"", ""PDBsum:1X5C"", ""PDBsum:2BJX"", ""PDBsum:2K18"", ""PDBsum:3BJ5"", ""PDBsum:3UEM"", ""PDBsum:4EKZ"", ""PDBsum:4EL1"", ""PDBsum:4JU5"", ""PDBsum:6I7S"", ""PDBsum:7ZSC"", ""PeptideAtlas:P07237"", ""Pfam:PF00085"", ""Pfam:PF13848"", ""PharmGKB:PA32876"", ""Pharos:P07237"", ""PhosphoSitePlus:P07237"", ""PhylomeDB:P07237"", ""PIR:A31913"", ""PRIDE:P07237"", ""PRINTS:PR00421"", ""PRO:PR:P07237"", ""PROSITE:PS00014"", ""PROSITE:PS00194"", ""PROSITE:PS51352"", ""Proteomes:UP000005640"", ""ProteomicsDB:51976"", ""Reactome:R-HSA-1650814"", ""Reactome:R-HSA-3299685"", ""Reactome:R-HSA-381426"", ""Reactome:R-HSA-5358346"", ""Reactome:R-HSA-8866423"", ""Reactome:R-HSA-8957275"", ""Reactome:R-HSA-8963888"", ""Reactome:R-HSA-8964041"", ""Reactome:R-HSA-9020591"", ""Reactome:R-HSA-9020933"", ""RefSeq:NM_000918.3"", ""RefSeq:NP_000909.2"", ""REPRODUCTION-2DPAGE:IPI00010796"", ""REPRODUCTION-2DPAGE:P07237"", ""RNAct:P07237"", ""SignaLink:P07237"", ""SIGNOR:P07237"", ""SMR:P07237"", ""STRING:9606.ENSP00000327801"", ""SUPFAM:SSF52833"", ""SWISS-2DPAGE:P07237"", ""SwissPalm:P07237"", ""TIGRFAMs:TIGR01126"", ""TIGRFAMs:TIGR01130"", ""TopDownProteomics:P07237"", ""TreeFam:TF106381"", ""UCSC:uc002kbn.2"", ""VEuPathDB:HostDB:ENSG00000185624""]"
o75400|"[""O43856"", ""O75404"", ""Q8TBQ1"", ""Q9H782"", ""Q9NWU9"", ""Q9P0Q2"", ""Q9Y5A8""]"|protein|PR40A|Uniprot|https://www.uniprot.org/|"[""AGR:HGNC:16463"", ""AlphaFoldDB:O75400"", ""Antibodypedia:33687"", ""Bgee:ENSG00000196504"", ""BioGRID-ORCS:55660"", ""BioGRID:120792"", ""BioMuta:PRPF40A"", ""BMRB:O75400"", ""CDD:cd00201"", ""ChiTaRS:PRPF40A"", ""CORUM:O75400"", ""CTD:55660"", ""DisGeNET:55660"", ""DNASU:55660"", ""eggNOG:KOG0152"", ""EMBL:AAB93495.1"", ""EMBL:AAC27501.1"", ""EMBL:AAC27502.1"", ""EMBL:AAC27506.1"", ""EMBL:AAD42862.1"", ""EMBL:AAF36145.1"", ""EMBL:AAH11788.1"", ""EMBL:AAH27178.1"", ""EMBL:AC012443"", ""EMBL:AC079344"", ""EMBL:AF049523"", ""EMBL:AF049524"", ""EMBL:AF049528"", ""EMBL:AF151059"", ""EMBL:AF155096"", ""EMBL:AK000592"", ""EMBL:AK024810"", ""EMBL:BAA91277.1"", ""EMBL:BAB15016.1"", ""EMBL:BC011788"", ""EMBL:BC027178"", ""EMBL:U70667"", ""Ensembl:ENSG00000196504.21"", ""Ensembl:ENSP00000346332.7"", ""Ensembl:ENSP00000512591.1"", ""Ensembl:ENST00000354363.11"", ""Ensembl:ENST00000696381.1"", ""EPD:O75400"", ""EvolutionaryTrace:O75400"", ""ExpressionAtlas:O75400"", ""Gene3D:1.10.10.440"", ""Gene3D:2.20.70.10"", ""GeneCards:PRPF40A"", ""GeneID:55660"", ""GeneTree:ENSGT00930000150980"", ""Genevisible:O75400"", ""GeneWiki:PRPF40A"", ""GenomeRNAi:55660"", ""GlyCosmos:O75400"", ""GlyGen:O75400"", ""GO:GO:0000398"", ""GO:GO:0003723"", ""GO:GO:0005654"", ""GO:GO:0005685"", ""GO:GO:0007010"", ""GO:GO:0007049"", ""GO:GO:0008360"", ""GO:GO:0016020"", ""GO:GO:0016363"", ""GO:GO:0016477"", ""GO:GO:0016607"", ""GO:GO:0032465"", ""GO:GO:0045292"", ""GO:GO:0051301"", ""GO:GO:0071004"", ""HGNC:HGNC:16463"", ""HOGENOM:CLU_005825_0_0_1"", ""HPA:ENSG00000196504"", ""InParanoid:O75400"", ""IntAct:O75400"", ""InterPro:IPR001202"", ""InterPro:IPR002713"", ""InterPro:IPR036020"", ""InterPro:IPR036517"", ""InterPro:IPR039726"", ""iPTMnet:O75400"", ""jPOST:O75400"", ""KEGG:hsa:55660"", ""MassIVE:O75400"", ""MaxQB:O75400"", ""MIM:612941"", ""MINT:O75400"", ""MoonDB:O75400"", ""neXtProt:NX_O75400"", ""OpenTargets:ENSG00000196504"", ""OrthoDB:25674at2759"", ""PANTHER:PTHR11864"", ""PANTHER:PTHR11864:SF20"", ""PathwayCommons:O75400"", ""PaxDb:O75400"", ""PDB:1UZC"", ""PDB:1YWI"", ""PDB:1YWJ"", ""PDB:1ZR7"", ""PDB:2CQN"", ""PDB:2DYF"", ""PDB:2KZG"", ""PDB:2L5F"", ""PDB:2L9V"", ""PDB:2LKS"", ""PDBsum:1UZC"", ""PDBsum:1YWI"", ""PDBsum:1YWJ"", ""PDBsum:1ZR7"", ""PDBsum:2CQN"", ""PDBsum:2DYF"", ""PDBsum:2KZG"", ""PDBsum:2L5F"", ""PDBsum:2L9V"", ""PDBsum:2LKS"", ""PeptideAtlas:O75400"", ""Pfam:PF00397"", ""Pfam:PF01846"", ""PharmGKB:PA28195"", ""Pharos:O75400"", ""PhosphoSitePlus:O75400"", ""PhylomeDB:O75400"", ""PRO:PR:O75400"", ""PROSITE:PS01159"", ""PROSITE:PS50020"", ""PROSITE:PS51676"", ""Proteomes:UP000005640"", ""ProteomicsDB:49972"", ""ProteomicsDB:49973"", ""ProteomicsDB:49974"", ""ProteomicsDB:49975"", ""Reactome:R-HSA-72163"", ""RefSeq:NM_017892.3"", ""RefSeq:NP_060362.3"", ""RNAct:O75400"", ""SignaLink:O75400"", ""SMART:SM00441"", ""SMART:SM00456"", ""SMR:O75400"", ""STRING:9606.ENSP00000386458"", ""SUPFAM:SSF51045"", ""SUPFAM:SSF81698"", ""SwissPalm:O75400"", ""TreeFam:TF318732"", ""UCSC:uc002tyh.5""]"
q9y371|"[""B4E182"", ""Q5H8U5"", ""Q9H3Z0"", ""Q9NR47"", ""Q9NYA9""]"|protein|SHLB1|Uniprot|https://www.uniprot.org/|"[""AGR:HGNC:10833"", ""AlphaFoldDB:Q9Y371"", ""Antibodypedia:2824"", ""Bgee:ENSG00000097033"", ""BioGRID-ORCS:51100"", ""BioGRID:119289"", ""BioMuta:SH3GLB1"", ""CCDS:CCDS55612.1"", ""CCDS:CCDS55613.1"", ""CCDS:CCDS710.1"", ""CDD:cd07616"", ""CDD:cd11945"", ""ChiTaRS:SH3GLB1"", ""CTD:51100"", ""DIP:DIP-41970N"", ""DisGeNET:51100"", ""DMDM:41018158"", ""DNASU:51100"", ""eggNOG:KOG3725"", ""EMBL:AAD34056.1"", ""EMBL:AAF73017.1"", ""EMBL:AAF81225.1"", ""EMBL:AAH07455.1"", ""EMBL:AAK27365.1"", ""EMBL:AB007960"", ""EMBL:AF151819"", ""EMBL:AF257318"", ""EMBL:AF263293"", ""EMBL:AF350371"", ""EMBL:AK001954"", ""EMBL:AK303710"", ""EMBL:AL049597"", ""EMBL:BAA91999.1"", ""EMBL:BAD88797.1"", ""EMBL:BAG64694.1"", ""EMBL:BC007455"", ""Ensembl:ENSG00000097033.15"", ""Ensembl:ENSP00000418744.1"", ""Ensembl:ENSP00000441355.1"", ""Ensembl:ENSP00000473267.1"", ""Ensembl:ENST00000370558.8"", ""Ensembl:ENST00000482504.1"", ""Ensembl:ENST00000535010.5"", ""EPD:Q9Y371"", ""ExpressionAtlas:Q9Y371"", ""Gene3D:1.20.1270.60"", ""Gene3D:2.30.30.40"", ""GeneCards:SH3GLB1"", ""GeneID:51100"", ""GeneTree:ENSGT00940000155667"", ""Genevisible:Q9Y371"", ""GeneWiki:SH3GLB1"", ""GenomeRNAi:51100"", ""GlyGen:Q9Y371"", ""GO:GO:0000139"", ""GO:GO:0000421"", ""GO:GO:0005737"", ""GO:GO:0005741"", ""GO:GO:0005829"", ""GO:GO:0006914"", ""GO:GO:0006915"", ""GO:GO:0008289"", ""GO:GO:0010508"", ""GO:GO:0016020"", ""GO:GO:0016241"", ""GO:GO:0030496"", ""GO:GO:0031334"", ""GO:GO:0031410"", ""GO:GO:0031647"", ""GO:GO:0032465"", ""GO:GO:0032801"", ""GO:GO:0032991"", ""GO:GO:0034198"", ""GO:GO:0042149"", ""GO:GO:0042802"", ""GO:GO:0042803"", ""GO:GO:0045296"", ""GO:GO:0048102"", ""GO:GO:0061024"", ""GO:GO:0090148"", ""GO:GO:1903527"", ""GO:GO:1903778"", ""GO:GO:1903955"", ""GO:GO:2000786"", ""HGNC:HGNC:10833"", ""HOGENOM:CLU_043817_1_0_1"", ""HPA:ENSG00000097033"", ""InParanoid:Q9Y371"", ""IntAct:Q9Y371"", ""InterPro:IPR001452"", ""InterPro:IPR004148"", ""InterPro:IPR027267"", ""InterPro:IPR035695"", ""InterPro:IPR036028"", ""iPTMnet:Q9Y371"", ""jPOST:Q9Y371"", ""KEGG:hsa:51100"", ""MANE-Select:ENSP00000473267.1"", ""MANE-Select:ENST00000370558.8"", ""MANE-Select:NM_016009.5"", ""MANE-Select:NP_057093.1"", ""MassIVE:Q9Y371"", ""MaxQB:Q9Y371"", ""MIM:609287"", ""MINT:Q9Y371"", ""neXtProt:NX_Q9Y371"", ""OMA:ETTYYAQ"", ""OpenTargets:ENSG00000097033"", ""OrthoDB:3494067at2759"", ""PANTHER:PTHR14167"", ""PANTHER:PTHR14167:SF52"", ""PathwayCommons:Q9Y371"", ""PDB:6UP6"", ""PDB:6UPN"", ""PDBsum:6UP6"", ""PDBsum:6UPN"", ""PeptideAtlas:Q9Y371"", ""Pfam:PF03114"", ""Pfam:PF14604"", ""PharmGKB:PA35739"", ""Pharos:Q9Y371"", ""PhosphoSitePlus:Q9Y371"", ""PhylomeDB:Q9Y371"", ""PRO:PR:Q9Y371"", ""PROSITE:PS50002"", ""PROSITE:PS51021"", ""Proteomes:UP000005640"", ""ProteomicsDB:5734"", ""ProteomicsDB:85978"", ""ProteomicsDB:85979"", ""RefSeq:NM_001206651.1"", ""RefSeq:NM_001206652.1"", ""RefSeq:NM_001206653.1"", ""RefSeq:NM_016009.4"", ""RefSeq:NP_001193580.1"", ""RefSeq:NP_001193581.1"", ""RefSeq:NP_001193582.1"", ""RefSeq:NP_057093.1"", ""REPRODUCTION-2DPAGE:IPI00006558"", ""RNAct:Q9Y371"", ""SignaLink:Q9Y371"", ""SIGNOR:Q9Y371"", ""SMART:SM00326"", ""SMART:SM00721"", ""SMR:Q9Y371"", ""STRING:9606.ENSP00000479919"", ""SUPFAM:SSF103657"", ""SUPFAM:SSF50044"", ""TCDB:8.A.34.1.4"", ""TreeFam:TF313281"", ""UCSC:uc001dlw.4"", ""VEuPathDB:HostDB:ENSG00000097033""]"
p60880|"[""B2RAU4"", ""D3DW16"", ""D3DW17"", ""P13795"", ""P36974"", ""P70557"", ""P70558"", ""Q53EM2"", ""Q5U0B5"", ""Q8IXK3"", ""Q96FM2"", ""Q9BR45""]"|protein|SNP25|Uniprot|https://www.uniprot.org/|"[""AGR:HGNC:11132"", ""AlphaFoldDB:P60880"", ""Antibodypedia:713"", ""Bgee:ENSG00000132639"", ""BioGRID-ORCS:6616"", ""BioGRID:112500"", ""BioMuta:SNAP25"", ""BMRB:P60880"", ""CCDS:CCDS13109.1"", ""CCDS:CCDS13110.1"", ""CDD:cd15885"", ""CDD:cd15894"", ""ChEMBL:CHEMBL2364159"", ""ChiTaRS:SNAP25"", ""CORUM:P60880"", ""CTD:6616"", ""DIP:DIP-34554N"", ""DisGeNET:6616"", ""DisProt:DP02561"", ""DMDM:46397726"", ""DNASU:6616"", ""DrugBank:DB00083"", ""DrugCentral:P60880"", ""eggNOG:KOG3065"", ""EMBL:AAC37545.1"", ""EMBL:AAC37546.1"", ""EMBL:AAH10647.1"", ""EMBL:AAV38490.1"", ""EMBL:AK223617"", ""EMBL:AK289647"", ""EMBL:AK314359"", ""EMBL:AL023913"", ""EMBL:BAA22370.1"", ""EMBL:BAD97337.1"", ""EMBL:BAF82336.1"", ""EMBL:BAG36991.1"", ""EMBL:BC010647"", ""EMBL:BT019684"", ""EMBL:CH471133"", ""EMBL:D21267"", ""EMBL:EAX10346.1"", ""EMBL:EAX10349.1"", ""EMBL:EAX10350.1"", ""EMBL:EAX10352.1"", ""EMBL:L19760"", ""EMBL:L19761"", ""Ensembl:ENSG00000132639.15"", ""Ensembl:ENSP00000254976.3"", ""Ensembl:ENSP00000307341.2"", ""Ensembl:ENSP00000508541.1"", ""Ensembl:ENSP00000508837.1"", ""Ensembl:ENSP00000508939.1"", ""Ensembl:ENSP00000509287.1"", ""Ensembl:ENSP00000509312.1"", ""Ensembl:ENSP00000509759.1"", ""Ensembl:ENSP00000510109.1"", ""Ensembl:ENSP00000510219.1"", ""Ensembl:ENSP00000510558.1"", ""Ensembl:ENSP00000510663.1"", ""Ensembl:ENST00000254976.7"", ""Ensembl:ENST00000304886.6"", ""Ensembl:ENST00000685131.1"", ""Ensembl:ENST00000687785.1"", ""Ensembl:ENST00000689757.1"", ""Ensembl:ENST00000689858.1"", ""Ensembl:ENST00000690812.1"", ""Ensembl:ENST00000691161.1"", ""Ensembl:ENST00000691353.1"", ""Ensembl:ENST00000691665.1"", ""Ensembl:ENST00000692411.1"", ""Ensembl:ENST00000693325.1"", ""EPD:P60880"", ""EvolutionaryTrace:P60880"", ""ExpressionAtlas:P60880"", ""Gene3D:1.20.5.110"", ""GeneCards:SNAP25"", ""GeneID:6616"", ""GeneTree:ENSGT00950000182843"", ""Genevisible:P60880"", ""GeneWiki:SNAP25"", ""GenomeRNAi:6616"", ""GO:GO:0001504"", ""GO:GO:0001917"", ""GO:GO:0005484"", ""GO:GO:0005737"", ""GO:GO:0005802"", ""GO:GO:0005829"", ""GO:GO:0005856"", ""GO:GO:0005886"", ""GO:GO:0006887"", ""GO:GO:0006906"", ""GO:GO:0007268"", ""GO:GO:0007626"", ""GO:GO:0008021"", ""GO:GO:0008289"", ""GO:GO:0008306"", ""GO:GO:0010975"", ""GO:GO:0016020"", ""GO:GO:0016079"", ""GO:GO:0016081"", ""GO:GO:0016082"", ""GO:GO:0017075"", ""GO:GO:0019905"", ""GO:GO:0030426"", ""GO:GO:0031201"", ""GO:GO:0031234"", ""GO:GO:0031629"", ""GO:GO:0035579"", ""GO:GO:0036477"", ""GO:GO:0042734"", ""GO:GO:0043005"", ""GO:GO:0048306"", ""GO:GO:0048471"", ""GO:GO:0050796"", ""GO:GO:0051179"", ""GO:GO:0060090"", ""GO:GO:0060291"", ""GO:GO:0070032"", ""GO:GO:0070821"", ""GO:GO:0097470"", ""GO:GO:0098794"", ""GO:GO:0098967"", ""GO:GO:0098978"", ""GO:GO:0099525"", ""GO:GO:0099590"", ""HGNC:HGNC:11132"", ""HOGENOM:CLU_096939_0_0_1"", ""HPA:ENSG00000132639"", ""InParanoid:P60880"", ""IntAct:P60880"", ""InterPro:IPR000727"", ""InterPro:IPR000928"", ""InterPro:IPR039077"", ""iPTMnet:P60880"", ""jPOST:P60880"", ""KEGG:hsa:6616"", ""MalaCards:SNAP25"", ""MANE-Select:ENSP00000254976.3"", ""MANE-Select:ENST00000254976.7"", ""MANE-Select:NM_130811.4"", ""MANE-Select:NP_570824.1"", ""MassIVE:P60880"", ""MaxQB:P60880"", ""MIM:600322"", ""MIM:616330"", ""MINT:P60880"", ""neXtProt:NX_P60880"", ""OMA:WKASEDG"", ""OpenTargets:ENSG00000132639"", ""Orphanet:98914"", ""OrthoDB:388796at2759"", ""PANTHER:PTHR19305"", ""PANTHER:PTHR19305:SF5"", ""PathwayCommons:P60880"", ""PaxDb:P60880"", ""PDB:1KIL"", ""PDB:1XTG"", ""PDB:2N1T"", ""PDB:3DDA"", ""PDB:3DDB"", ""PDB:3RK2"", ""PDB:3RK3"", ""PDB:3RL0"", ""PDB:3ZUR"", ""PDB:5W7I"", ""PDB:5W7J"", ""PDB:6JLH"", ""PDBsum:1KIL"", ""PDBsum:1XTG"", ""PDBsum:2N1T"", ""PDBsum:3DDA"", ""PDBsum:3DDB"", ""PDBsum:3RK2"", ""PDBsum:3RK3"", ""PDBsum:3RL0"", ""PDBsum:3ZUR"", ""PDBsum:5W7I"", ""PDBsum:5W7J"", ""PDBsum:6JLH"", ""PeptideAtlas:P60880"", ""Pfam:PF00835"", ""PharmGKB:PA35980"", ""Pharos:P60880"", ""PhosphoSitePlus:P60880"", ""PhylomeDB:P60880"", ""PIR:I53735"", ""PIR:I67823"", ""PRO:PR:P60880"", ""PROSITE:PS50192"", ""Proteomes:UP000005640"", ""ProteomicsDB:57231"", ""ProteomicsDB:57232"", ""Reactome:R-HSA-181429"", ""Reactome:R-HSA-181430"", ""Reactome:R-HSA-210500"", ""Reactome:R-HSA-212676"", ""Reactome:R-HSA-264642"", ""Reactome:R-HSA-422356"", ""Reactome:R-HSA-449836"", ""Reactome:R-HSA-5250968"", ""Reactome:R-HSA-5250971"", ""Reactome:R-HSA-5250992"", ""Reactome:R-HSA-6798695"", ""Reactome:R-HSA-888590"", ""Reactome:R-HSA-9662360"", ""RefSeq:NM_001322902.1"", ""RefSeq:NM_001322903.1"", ""RefSeq:NM_001322904.1"", ""RefSeq:NM_001322905.1"", ""RefSeq:NM_001322906.1"", ""RefSeq:NM_001322907.1"", ""RefSeq:NM_001322908.1"", ""RefSeq:NM_001322909.1"", ""RefSeq:NM_001322910.1"", ""RefSeq:NM_003081.4"", ""RefSeq:NM_130811.3"", ""RefSeq:NP_001309831.1"", ""RefSeq:NP_001309832.1"", ""RefSeq:NP_001309833.1"", ""RefSeq:NP_001309834.1"", ""RefSeq:NP_001309835.1"", ""RefSeq:NP_001309836.1"", ""RefSeq:NP_001309837.1"", ""RefSeq:NP_001309838.1"", ""RefSeq:NP_001309839.1"", ""RefSeq:NP_003072.2"", ""RefSeq:NP_570824.1"", ""RefSeq:XM_005260808.4"", ""RefSeq:XM_017028021.1"", ""RefSeq:XM_017028022.1"", ""RefSeq:XP_005260865.1"", ""RefSeq:XP_016883510.1"", ""RefSeq:XP_016883511.1"", ""RNAct:P60880"", ""SignaLink:P60880"", ""SIGNOR:P60880"", ""SMART:SM00397"", ""SMR:P60880"", ""STRING:9606.ENSP00000254976"", ""SUPFAM:SSF58038"", ""SwissPalm:P60880"", ""TCDB:1.F.1.1.1"", ""TreeFam:TF315125"", ""UCSC:uc002wnq.3"", ""VEuPathDB:HostDB:ENSG00000132639""]"
